 Time ,Mass ,LongitudinalMOI,RotationalMOI,CPLocation ,CGLocation,Mach number
0,17.758006,7.555084,0.041359,NaN,1.252514,0.005057
0.01,17.757749,7.554953,0.041358,NaN,1.252504,0.005069
0.02,17.757491,7.554821,0.041358,NaN,1.252494,0.005081
0.03,17.757234,7.55469,0.041358,NaN,1.252484,0.005093
0.04,17.756977,7.554558,0.041358,NaN,1.252475,0.005105
0.05,17.756719,7.554427,0.041358,NaN,1.252465,0.005117
0.055,17.756591,7.554361,0.041358,NaN,1.25246,0.005066
0.0625,17.753503,7.552783,0.041355,NaN,1.252342,0.004991
0.0725,17.749387,7.550678,0.041352,NaN,1.252184,0.004947
0.0825,17.74527,7.548572,0.04135,NaN,1.252026,0.005206
0.092,17.741359,7.54657,0.041347,NaN,1.251876,0.006068
0.1,17.734155,7.542881,0.041342,NaN,1.251599,0.007517
0.11,17.723349,7.537342,0.041334,NaN,1.251184,0.01012
0.12,17.712543,7.531797,0.041327,NaN,1.250768,0.012988
0.13,17.701737,7.526246,0.041319,NaN,1.250351,0.01602
0.14,17.690931,7.520689,0.041311,NaN,1.249934,0.019172
0.15,17.680125,7.515126,0.041304,NaN,1.249517,0.022423
0.16,17.669834,7.509822,0.041297,NaN,1.249119,0.025668
0.17,17.659542,7.504512,0.041289,NaN,1.24872,0.028797
0.18,17.649251,7.499197,0.041282,NaN,1.248322,0.031805
0.189346,17.639632,7.494224,0.041275,NaN,1.247948,0.034503
0.2,17.628668,7.488549,0.041268,NaN,1.247522,0.037445
0.207915,17.621032,7.484593,0.041262,NaN,1.247225,0.03958
0.215396,17.613813,7.480851,0.041257,NaN,1.246944,0.041605
0.222509,17.606951,7.47729,0.041252,1.422105,1.246677,0.043537
0.233178,17.596657,7.471945,0.041245,1.424498,1.246275,0.046444
0.249181,17.581217,7.463917,0.041234,1.427709,1.245672,0.05083
0.273186,17.558056,7.45185,0.041218,1.432664,1.244766,0.05745
0.309194,17.523315,7.433695,0.041194,1.438361,1.243402,0.067504
0.359194,17.475074,7.408377,0.04116,1.443278,1.241498,0.081704
0.409194,17.426833,7.382931,0.041126,1.448387,1.239584,0.096145
0.459194,17.378591,7.357357,0.041092,1.4529,1.23766,0.110839
0.5,17.33922,7.336389,0.041064,1.45482,1.236081,0.123034
0.55,17.287969,7.308965,0.041028,1.458116,1.234015,0.138122
0.6,17.236717,7.281391,0.040992,1.462888,1.231937,0.153307
0.65,17.185466,7.253668,0.040956,1.467443,1.229847,0.168606
0.7,17.134214,7.225794,0.04092,1.47016,1.227744,0.184033
0.75,17.082963,7.197768,0.040884,1.474638,1.225628,0.199553
0.8,17.031711,7.169588,0.040848,1.478581,1.2235,0.215185
0.85,16.98046,7.141252,0.040812,1.481485,1.221359,0.230931
0.9,16.929208,7.11276,0.040776,1.478869,1.219205,0.246776
0.95,16.877957,7.084109,0.04074,1.477081,1.217037,0.262727
1,16.826705,7.0553,0.040704,1.475948,1.214857,0.278782
1.05,16.77481,7.025964,0.040667,1.475579,1.212636,0.29489
1.1,16.722916,6.996462,0.040631,1.475541,1.210401,0.310989
1.15,16.671021,6.966792,0.040594,1.476561,1.208151,0.327091
1.2,16.619126,6.936952,0.040558,1.478427,1.205888,0.34319
1.25,16.567231,6.906941,0.040521,1.480765,1.203611,0.359282
1.3,16.515337,6.876757,0.040485,1.483332,1.20132,0.37536
1.35,16.463442,6.846399,0.040448,1.486844,1.199014,0.391444
1.4,16.411547,6.815864,0.040412,1.485921,1.196693,0.407499
1.45,16.359652,6.785151,0.040375,1.48528,1.194358,0.423538
1.5,16.307758,6.754259,0.040339,1.485047,1.192007,0.439568
1.55,16.257587,6.724221,0.040304,1.485165,1.189721,0.455565
1.6,16.207416,6.694011,0.040268,1.487168,1.18742,0.471459
1.65,16.157245,6.663629,0.040233,1.489795,1.185106,0.487275
1.7,16.107074,6.633073,0.040198,1.492127,1.182776,0.502998
1.75,16.056903,6.602341,0.040162,1.490768,1.180433,0.518628
1.8,16.006732,6.571431,0.040127,1.49093,1.178074,0.534182
1.85,15.956561,6.540342,0.040092,1.492654,1.175701,0.549655
1.9,15.90639,6.509072,0.040057,1.494819,1.173312,0.565015
1.95,15.856219,6.47762,0.040021,1.497978,1.170909,0.580303
2,15.806049,6.445983,0.039986,1.497349,1.16849,0.595491
2.05,15.758965,6.416124,0.039953,1.497798,1.166206,0.61056
2.1,15.711882,6.3861,0.03992,1.500247,1.163909,0.625466
2.15,15.664798,6.355908,0.039887,1.502905,1.161598,0.640257
2.2,15.617715,6.325549,0.039854,1.504622,1.159272,0.654888
2.25,15.570631,6.295019,0.039821,1.504748,1.156933,0.669361
2.3,15.523548,6.264318,0.039787,1.506327,1.154579,0.683684
2.35,15.476464,6.233444,0.039754,1.509434,1.152212,0.697858
2.4,15.429381,6.202395,0.039721,1.511653,1.149829,0.711854
2.45,15.382297,6.17117,0.039688,1.512065,1.147432,0.725705
2.5,15.335214,6.139767,0.039655,1.513617,1.145021,0.739405
2.55,15.290703,6.109916,0.039624,1.516747,1.142727,0.752964
2.6,15.246193,6.079902,0.039592,1.518085,1.14042,0.766415
2.65,15.201682,6.049725,0.039561,1.519468,1.1381,0.77977
2.7,15.157171,6.019384,0.03953,1.522062,1.135766,0.793008
2.75,15.112661,5.988876,0.039499,1.524531,1.133418,0.806119
2.8,15.06815,5.958201,0.039467,1.525331,1.131057,0.819131
2.85,15.02364,5.927357,0.039436,1.527787,1.128681,0.832009
2.9,14.979129,5.896342,0.039405,1.530327,1.126291,0.844774
2.95,14.936033,5.866149,0.039374,1.531426,1.123964,0.857319
3,14.892938,5.835794,0.039344,1.533549,1.121623,0.869546
3.05,14.864894,5.815952,0.039324,1.535749,1.120092,0.880673
3.1,14.836849,5.79604,0.039305,1.536447,1.118556,0.889887
3.15,14.808805,5.776058,0.039285,1.538558,1.117014,0.897177
3.2,14.780761,5.756006,0.039265,1.539339,1.115466,0.90259
3.25,14.752717,5.735882,0.039245,1.539403,1.113912,0.906101
3.3,14.724672,5.715686,0.039226,1.540376,1.112352,0.907736
3.35,14.713352,5.707514,0.039218,1.54025,1.111721,0.907973
3.4,14.702031,5.699329,0.03921,1.539713,1.111089,0.907335
3.45,14.697529,5.696071,0.039207,1.540198,1.110837,0.906082
3.5,14.693026,5.692811,0.039203,1.539292,1.110585,0.90448
3.55,14.688524,5.689549,0.0392,1.539377,1.110333,0.902563
3.6,14.684021,5.686285,0.039197,1.539171,1.110081,0.9003
3.65,14.679518,5.683019,0.039194,1.538446,1.109828,0.897707
3.7,14.675016,5.679751,0.039191,1.53849,1.109576,0.894783
3.75,14.670513,5.676481,0.039188,1.537656,1.109323,0.891552
3.8,14.666011,5.67321,0.039184,1.537273,1.10907,0.88801
3.85,14.661508,5.669936,0.039181,1.536487,1.108817,0.884162
3.9,14.657006,5.666661,0.039178,1.535829,1.108564,0.879997
3.95,14.657006,5.666661,0.039178,1.535242,1.108564,0.875689
4,14.657006,5.666661,0.039178,1.534567,1.108564,0.871439
4.05,14.657006,5.666661,0.039178,1.53399,1.108564,0.867236
4.1,14.657006,5.666661,0.039178,1.533092,1.108564,0.863036
4.15,14.657006,5.666661,0.039178,1.532672,1.108564,0.858892
4.2,14.657006,5.666661,0.039178,1.531778,1.108564,0.854797
4.25,14.657006,5.666661,0.039178,1.531123,1.108564,0.850738
4.3,14.657006,5.666661,0.039178,1.530709,1.108564,0.846726
4.35,14.657006,5.666661,0.039178,1.529865,1.108564,0.842737
4.4,14.657006,5.666661,0.039178,1.529016,1.108564,0.838774
4.45,14.657006,5.666661,0.039178,1.528943,1.108564,0.83485
4.5,14.657006,5.666661,0.039178,1.528238,1.108564,0.830946
4.55,14.657006,5.666661,0.039178,1.52729,1.108564,0.82709
4.6,14.657006,5.666661,0.039178,1.526991,1.108564,0.823267
4.65,14.657006,5.666661,0.039178,1.526594,1.108564,0.819478
4.7,14.657006,5.666661,0.039178,1.525666,1.108564,0.815716
4.75,14.657006,5.666661,0.039178,1.52515,1.108564,0.811974
4.8,14.657006,5.666661,0.039178,1.524843,1.108564,0.808279
4.85,14.657006,5.666661,0.039178,1.523975,1.108564,0.804604
4.9,14.657006,5.666661,0.039178,1.523649,1.108564,0.800961
4.95,14.657006,5.666661,0.039178,1.523291,1.108564,0.79737
5,14.657006,5.666661,0.039178,1.522124,1.108564,0.793759
5.05,14.657006,5.666661,0.039178,1.521795,1.108564,0.7902
5.1,14.657006,5.666661,0.039178,1.521813,1.108564,0.78665
5.15,14.657006,5.666661,0.039178,1.521089,1.108564,0.783125
5.2,14.657006,5.666661,0.039178,1.520249,1.108564,0.779633
5.25,14.657006,5.666661,0.039178,1.520359,1.108564,0.776151
5.3,14.657006,5.666661,0.039178,1.519693,1.108564,0.772702
5.35,14.657006,5.666661,0.039178,1.519218,1.108564,0.769288
5.4,14.657006,5.666661,0.039178,1.51911,1.108564,0.765903
5.45,14.657006,5.666661,0.039178,1.518647,1.108564,0.762521
5.5,14.657006,5.666661,0.039178,1.518026,1.108564,0.759173
5.55,14.657006,5.666661,0.039178,1.517561,1.108564,0.755848
5.6,14.657006,5.666661,0.039178,1.516867,1.108564,0.752515
5.65,14.657006,5.666661,0.039178,1.516721,1.108564,0.749236
5.7,14.657006,5.666661,0.039178,1.51645,1.108564,0.745965
5.75,14.657006,5.666661,0.039178,1.515718,1.108564,0.742724
5.8,14.657006,5.666661,0.039178,1.515096,1.108564,0.739511
5.85,14.657006,5.666661,0.039178,1.515124,1.108564,0.736305
5.9,14.657006,5.666661,0.039178,1.514402,1.108564,0.733119
5.95,14.657006,5.666661,0.039178,1.51362,1.108564,0.72994
6,14.657006,5.666661,0.039178,1.513989,1.108564,0.726811
6.05,14.657006,5.666661,0.039178,1.513404,1.108564,0.723672
6.1,14.657006,5.666661,0.039178,1.512726,1.108564,0.720565
6.15,14.657006,5.666661,0.039178,1.512539,1.108564,0.717469
6.2,14.657006,5.666661,0.039178,1.512235,1.108564,0.714387
6.25,14.657006,5.666661,0.039178,1.511977,1.108564,0.711344
6.3,14.657006,5.666661,0.039178,1.511533,1.108564,0.708307
6.35,14.657006,5.666661,0.039178,1.511294,1.108564,0.705292
6.4,14.657006,5.666661,0.039178,1.510894,1.108564,0.702291
6.45,14.657006,5.666661,0.039178,1.510064,1.108564,0.69933
6.5,14.657006,5.666661,0.039178,1.510206,1.108564,0.696354
6.55,14.657006,5.666661,0.039178,1.509559,1.108564,0.693402
6.6,14.657006,5.666661,0.039178,1.509004,1.108564,0.690461
6.65,14.657006,5.666661,0.039178,1.50882,1.108564,0.687537
6.7,14.657006,5.666661,0.039178,1.508102,1.108564,0.684666
6.75,14.657006,5.666661,0.039178,1.507858,1.108564,0.681776
6.8,14.657006,5.666661,0.039178,1.508025,1.108564,0.6789
6.85,14.657006,5.666661,0.039178,1.507343,1.108564,0.676035
6.9,14.657006,5.666661,0.039178,1.50696,1.108564,0.673197
6.95,14.657006,5.666661,0.039178,1.50668,1.108564,0.670362
7,14.657006,5.666661,0.039178,1.50655,1.108564,0.667533
7.05,14.657006,5.666661,0.039178,1.506389,1.108564,0.664726
7.1,14.657006,5.666661,0.039178,1.50562,1.108564,0.661936
7.15,14.657006,5.666661,0.039178,1.504588,1.108564,0.659194
7.2,14.657006,5.666661,0.039178,1.505126,1.108564,0.656427
7.25,14.657006,5.666661,0.039178,1.505249,1.108564,0.653697
7.3,14.657006,5.666661,0.039178,1.504186,1.108564,0.650969
7.35,14.657006,5.666661,0.039178,1.503549,1.108564,0.648249
7.4,14.657006,5.666661,0.039178,1.503555,1.108564,0.645539
7.45,14.657006,5.666661,0.039178,1.504061,1.108564,0.642843
7.5,14.657006,5.666661,0.039178,1.503129,1.108564,0.640164
7.55,14.657006,5.666661,0.039178,1.502151,1.108564,0.637509
7.6,14.657006,5.666661,0.039178,1.501984,1.108564,0.634868
7.65,14.657006,5.666661,0.039178,1.502929,1.108564,0.632219
7.7,14.657006,5.666661,0.039178,1.501806,1.108564,0.629585
7.75,14.657006,5.666661,0.039178,1.500824,1.108564,0.626957
7.8,14.657006,5.666661,0.039178,1.501641,1.108564,0.624384
7.85,14.657006,5.666661,0.039178,1.501905,1.108564,0.621782
7.9,14.657006,5.666661,0.039178,1.501052,1.108564,0.619207
7.95,14.657006,5.666661,0.039178,1.500993,1.108564,0.61661
8,14.657006,5.666661,0.039178,1.500363,1.108564,0.614065
8.05,14.657006,5.666661,0.039178,1.500646,1.108564,0.61151
8.1,14.657006,5.666661,0.039178,1.500524,1.108564,0.608966
8.15,14.657006,5.666661,0.039178,1.500104,1.108564,0.606449
8.2,14.657006,5.666661,0.039178,1.499555,1.108564,0.603926
8.25,14.657006,5.666661,0.039178,1.499509,1.108564,0.601419
8.3,14.657006,5.666661,0.039178,1.499604,1.108564,0.598917
8.35,14.657006,5.666661,0.039178,1.498921,1.108564,0.596452
8.4,14.657006,5.666661,0.039178,1.498849,1.108564,0.59396
8.45,14.657006,5.666661,0.039178,1.498741,1.108564,0.591493
8.5,14.657006,5.666661,0.039178,1.498741,1.108564,0.589039
8.55,14.657006,5.666661,0.039178,1.498498,1.108564,0.586611
8.6,14.657006,5.666661,0.039178,1.497995,1.108564,0.58416
8.65,14.657006,5.666661,0.039178,1.49762,1.108564,0.581735
8.7,14.657006,5.666661,0.039178,1.49739,1.108564,0.579313
8.75,14.657006,5.666661,0.039178,1.497707,1.108564,0.576911
8.8,14.657006,5.666661,0.039178,1.49763,1.108564,0.574497
8.85,14.657006,5.666661,0.039178,1.496545,1.108564,0.572134
8.9,14.657006,5.666661,0.039178,1.496732,1.108564,0.569733
8.95,14.657006,5.666661,0.039178,1.496885,1.108564,0.567354
9,14.657006,5.666661,0.039178,1.496555,1.108564,0.56501
9.05,14.657006,5.666661,0.039178,1.496571,1.108564,0.56265
9.1,14.657006,5.666661,0.039178,1.496407,1.108564,0.560321
9.15,14.657006,5.666661,0.039178,1.495393,1.108564,0.557959
9.2,14.657006,5.666661,0.039178,1.496084,1.108564,0.555664
9.25,14.657006,5.666661,0.039178,1.49594,1.108564,0.553346
9.3,14.657006,5.666661,0.039178,1.495712,1.108564,0.551032
9.35,14.657006,5.666661,0.039178,1.495287,1.108564,0.548738
9.4,14.657006,5.666661,0.039178,1.494934,1.108564,0.546455
9.45,14.657006,5.666661,0.039178,1.494941,1.108564,0.54414
9.5,14.657006,5.666661,0.039178,1.494925,1.108564,0.541873
9.55,14.657006,5.666661,0.039178,1.494936,1.108564,0.539612
9.6,14.657006,5.666661,0.039178,1.494647,1.108564,0.537345
9.65,14.657006,5.666661,0.039178,1.49422,1.108564,0.535116
9.7,14.657006,5.666661,0.039178,1.494292,1.108564,0.532865
9.75,14.657006,5.666661,0.039178,1.494101,1.108564,0.530636
9.8,14.657006,5.666661,0.039178,1.494026,1.108564,0.528413
9.85,14.657006,5.666661,0.039178,1.493451,1.108564,0.526169
9.9,14.657006,5.666661,0.039178,1.492938,1.108564,0.523941
9.95,14.657006,5.666661,0.039178,1.493329,1.108564,0.521744
10,14.657006,5.666661,0.039178,1.493552,1.108564,0.519543
10.05,14.657006,5.666661,0.039178,1.49329,1.108564,0.517326
10.1,14.657006,5.666661,0.039178,1.493197,1.108564,0.515134
10.15,14.657006,5.666661,0.039178,1.493086,1.108564,0.512936
10.2,14.657006,5.666661,0.039178,1.492634,1.108564,0.510762
10.25,14.657006,5.666661,0.039178,1.492419,1.108564,0.50859
10.3,14.657006,5.666661,0.039178,1.492302,1.108564,0.506428
10.35,14.657006,5.666661,0.039178,1.491966,1.108564,0.504289
10.4,14.657006,5.666661,0.039178,1.491523,1.108564,0.50217
10.45,14.657006,5.666661,0.039178,1.492351,1.108564,0.500018
10.5,14.657006,5.666661,0.039178,1.492284,1.108564,0.49791
10.55,14.657006,5.666661,0.039178,1.491558,1.108564,0.495783
10.6,14.657006,5.666661,0.039178,1.491022,1.108564,0.493663
10.65,14.657006,5.666661,0.039178,1.490939,1.108564,0.491556
10.7,14.657006,5.666661,0.039178,1.490799,1.108564,0.48944
10.75,14.657006,5.666661,0.039178,1.491288,1.108564,0.487344
10.8,14.657006,5.666661,0.039178,1.491223,1.108564,0.485259
10.85,14.657006,5.666661,0.039178,1.490305,1.108564,0.483186
10.9,14.657006,5.666661,0.039178,1.490389,1.108564,0.48109
10.95,14.657006,5.666661,0.039178,1.490585,1.108564,0.479007
11,14.657006,5.666661,0.039178,1.491032,1.108564,0.476917
11.05,14.657006,5.666661,0.039178,1.491009,1.108564,0.474871
11.1,14.657006,5.666661,0.039178,1.49025,1.108564,0.472793
11.15,14.657006,5.666661,0.039178,1.489992,1.108564,0.470737
11.2,14.657006,5.666661,0.039178,1.490667,1.108564,0.468717
11.25,14.657006,5.666661,0.039178,1.490406,1.108564,0.466663
11.3,14.657006,5.666661,0.039178,1.490264,1.108564,0.464617
11.35,14.657006,5.666661,0.039178,1.490091,1.108564,0.462599
11.4,14.657006,5.666661,0.039178,1.489407,1.108564,0.460592
11.45,14.657006,5.666661,0.039178,1.489821,1.108564,0.458554
11.5,14.657006,5.666661,0.039178,1.489508,1.108564,0.456554
11.55,14.657006,5.666661,0.039178,1.489907,1.108564,0.45453
11.6,14.657006,5.666661,0.039178,1.489541,1.108564,0.452526
11.65,14.657006,5.666661,0.039178,1.489075,1.108564,0.450519
11.7,14.657006,5.666661,0.039178,1.488627,1.108564,0.448511
11.75,14.657006,5.666661,0.039178,1.489021,1.108564,0.446532
11.8,14.657006,5.666661,0.039178,1.48921,1.108564,0.444546
11.85,14.657006,5.666661,0.039178,1.489256,1.108564,0.442566
11.9,14.657006,5.666661,0.039178,1.488591,1.108564,0.4406
11.95,14.657006,5.666661,0.039178,1.488165,1.108564,0.438636
12,14.657006,5.666661,0.039178,1.488416,1.108564,0.436659
12.05,14.657006,5.666661,0.039178,1.487987,1.108564,0.43472
12.1,14.657006,5.666661,0.039178,1.488165,1.108564,0.432771
12.15,14.657006,5.666661,0.039178,1.488726,1.108564,0.430811
12.2,14.657006,5.666661,0.039178,1.488339,1.108564,0.428874
12.25,14.657006,5.666661,0.039178,1.488251,1.108564,0.426952
12.3,14.657006,5.666661,0.039178,1.488387,1.108564,0.425039
12.35,14.657006,5.666661,0.039178,1.488001,1.108564,0.423109
12.4,14.657006,5.666661,0.039178,1.486838,1.108564,0.421148
12.45,14.657006,5.666661,0.039178,1.487383,1.108564,0.419247
12.5,14.657006,5.666661,0.039178,1.487012,1.108564,0.417307
12.55,14.657006,5.666661,0.039178,1.486463,1.108564,0.415355
12.6,14.657006,5.666661,0.039178,1.487403,1.108564,0.413454
12.65,14.657006,5.666661,0.039178,1.487279,1.108564,0.41156
12.7,14.657006,5.666661,0.039178,1.486298,1.108564,0.409665
12.75,14.657006,5.666661,0.039178,1.485355,1.108564,0.407785
12.8,14.657006,5.666661,0.039178,1.485113,1.108564,0.4059
12.85,14.657006,5.666661,0.039178,1.485958,1.108564,0.403995
12.9,14.657006,5.666661,0.039178,1.486332,1.108564,0.402124
12.95,14.657006,5.666661,0.039178,1.486711,1.108564,0.400264
13,14.657006,5.666661,0.039178,1.48709,1.108564,0.398396
13.05,14.657006,5.666661,0.039178,1.485978,1.108564,0.396523
13.1,14.657006,5.666661,0.039178,1.484699,1.108564,0.394638
13.15,14.657006,5.666661,0.039178,1.484882,1.108564,0.392797
13.2,14.657006,5.666661,0.039178,1.484526,1.108564,0.390923
13.25,14.657006,5.666661,0.039178,1.485654,1.108564,0.389095
13.3,14.657006,5.666661,0.039178,1.485737,1.108564,0.387222
13.35,14.657006,5.666661,0.039178,1.486375,1.108564,0.385368
13.4,14.657006,5.666661,0.039178,1.485774,1.108564,0.383537
13.45,14.657006,5.666661,0.039178,1.484421,1.108564,0.381718
13.5,14.657006,5.666661,0.039178,1.483763,1.108564,0.379891
13.55,14.657006,5.666661,0.039178,1.484028,1.108564,0.378048
13.6,14.657006,5.666661,0.039178,1.48428,1.108564,0.376225
13.65,14.657006,5.666661,0.039178,1.485469,1.108564,0.374381
13.7,14.657006,5.666661,0.039178,1.485422,1.108564,0.372532
13.75,14.657006,5.666661,0.039178,1.484216,1.108564,0.370698
13.8,14.657006,5.666661,0.039178,1.483286,1.108564,0.368867
13.85,14.657006,5.666661,0.039178,1.483266,1.108564,0.367056
13.9,14.657006,5.666661,0.039178,1.484152,1.108564,0.365268
13.95,14.657006,5.666661,0.039178,1.484767,1.108564,0.363464
14,14.657006,5.666661,0.039178,1.485669,1.108564,0.361669
14.05,14.657006,5.666661,0.039178,1.483901,1.108564,0.359912
14.1,14.657006,5.666661,0.039178,1.482268,1.108564,0.35816
14.15,14.657006,5.666661,0.039178,1.482049,1.108564,0.356375
14.2,14.657006,5.666661,0.039178,1.482087,1.108564,0.354603
14.25,14.657006,5.666661,0.039178,1.482936,1.108564,0.35282
14.3,14.657006,5.666661,0.039178,1.484489,1.108564,0.351026
14.35,14.657006,5.666661,0.039178,1.483919,1.108564,0.349216
14.4,14.657006,5.666661,0.039178,1.482792,1.108564,0.347444
14.45,14.657006,5.666661,0.039178,1.48318,1.108564,0.34572
14.5,14.657006,5.666661,0.039178,1.482298,1.108564,0.343941
14.55,14.657006,5.666661,0.039178,1.480897,1.108564,0.342129
14.6,14.657006,5.666661,0.039178,1.481303,1.108564,0.340369
14.65,14.657006,5.666661,0.039178,1.482388,1.108564,0.338621
14.7,14.657006,5.666661,0.039178,1.483367,1.108564,0.336861
14.75,14.657006,5.666661,0.039178,1.483966,1.108564,0.335143
14.8,14.657006,5.666661,0.039178,1.482893,1.108564,0.333386
14.85,14.657006,5.666661,0.039178,1.481164,1.108564,0.331668
14.9,14.657006,5.666661,0.039178,1.480809,1.108564,0.329917
14.95,14.657006,5.666661,0.039178,1.480581,1.108564,0.328181
15,14.657006,5.666661,0.039178,1.480442,1.108564,0.326463
15.05,14.657006,5.666661,0.039178,1.481412,1.108564,0.324721
15.1,14.657006,5.666661,0.039178,1.482484,1.108564,0.322992
15.15,14.657006,5.666661,0.039178,1.483655,1.108564,0.321268
15.2,14.657006,5.666661,0.039178,1.483436,1.108564,0.319546
15.25,14.657006,5.666661,0.039178,1.480435,1.108564,0.317759
15.3,14.657006,5.666661,0.039178,1.479322,1.108564,0.316029
15.35,14.657006,5.666661,0.039178,1.478753,1.108564,0.314302
15.4,14.657006,5.666661,0.039178,1.479108,1.108564,0.312591
15.45,14.657006,5.666661,0.039178,1.480868,1.108564,0.310917
15.5,14.657006,5.666661,0.039178,1.482072,1.108564,0.309214
15.55,14.657006,5.666661,0.039178,1.483363,1.108564,0.307511
15.6,14.657006,5.666661,0.039178,1.481773,1.108564,0.305847
15.65,14.657006,5.666661,0.039178,1.480566,1.108564,0.304151
15.7,14.657006,5.666661,0.039178,1.479802,1.108564,0.302452
15.75,14.657006,5.666661,0.039178,1.47961,1.108564,0.300748
15.8,14.657006,5.666661,0.039178,1.479905,1.108564,0.299043
15.85,14.657006,5.666661,0.039178,1.480539,1.108564,0.297341
15.9,14.657006,5.666661,0.039178,1.481866,1.108564,0.295625
15.95,14.657006,5.666661,0.039178,1.481434,1.108564,0.293982
16,14.657006,5.666661,0.039178,1.481999,1.108564,0.292311
16.05,14.657006,5.666661,0.039178,1.482969,1.108564,0.290631
16.1,14.657006,5.666661,0.039178,1.482732,1.108564,0.288967
16.15,14.657006,5.666661,0.039178,1.4824,1.108564,0.287318
16.2,14.657006,5.666661,0.039178,1.481364,1.108564,0.285641
16.25,14.657006,5.666661,0.039178,1.479702,1.108564,0.283936
16.3,14.657006,5.666661,0.039178,1.479063,1.108564,0.28226
16.35,14.657006,5.666661,0.039178,1.478439,1.108564,0.280573
16.4,14.657006,5.666661,0.039178,1.478098,1.108564,0.278885
16.45,14.657006,5.666661,0.039178,1.478823,1.108564,0.277226
16.5,14.657006,5.666661,0.039178,1.479706,1.108564,0.275562
16.55,14.657006,5.666661,0.039178,1.481285,1.108564,0.273918
16.6,14.657006,5.666661,0.039178,1.481771,1.108564,0.272231
16.65,14.657006,5.666661,0.039178,1.482458,1.108564,0.270563
16.7,14.657006,5.666661,0.039178,1.48066,1.108564,0.268924
16.75,14.657006,5.666661,0.039178,1.48017,1.108564,0.267247
16.8,14.657006,5.666661,0.039178,1.478426,1.108564,0.265624
16.85,14.657006,5.666661,0.039178,1.477339,1.108564,0.263993
16.9,14.657006,5.666661,0.039178,1.476581,1.108564,0.262365
16.95,14.657006,5.666661,0.039178,1.477259,1.108564,0.260701
17,14.657006,5.666661,0.039178,1.477646,1.108564,0.259063
17.05,14.657006,5.666661,0.039178,1.478871,1.108564,0.257409
17.1,14.657006,5.666661,0.039178,1.479138,1.108564,0.255799
17.15,14.657006,5.666661,0.039178,1.479924,1.108564,0.25418
17.2,14.657006,5.666661,0.039178,1.481293,1.108564,0.252547
17.25,14.657006,5.666661,0.039178,1.481736,1.108564,0.250929
17.3,14.657006,5.666661,0.039178,1.480148,1.108564,0.249295
17.35,14.657006,5.666661,0.039178,1.47831,1.108564,0.247647
17.4,14.657006,5.666661,0.039178,1.478209,1.108564,0.246054
17.45,14.657006,5.666661,0.039178,1.476365,1.108564,0.24439
17.5,14.657006,5.666661,0.039178,1.475716,1.108564,0.242758
17.55,14.657006,5.666661,0.039178,1.475416,1.108564,0.241126
17.6,14.657006,5.666661,0.039178,1.476828,1.108564,0.239545
17.65,14.657006,5.666661,0.039178,1.477223,1.108564,0.237919
17.7,14.657006,5.666661,0.039178,1.478485,1.108564,0.236316
17.75,14.657006,5.666661,0.039178,1.479154,1.108564,0.234687
17.8,14.657006,5.666661,0.039178,1.480656,1.108564,0.23315
17.85,14.657006,5.666661,0.039178,1.480026,1.108564,0.231518
17.9,14.657006,5.666661,0.039178,1.47973,1.108564,0.22988
17.95,14.657006,5.666661,0.039178,1.477683,1.108564,0.228311
18,14.657006,5.666661,0.039178,1.476451,1.108564,0.226722
18.05,14.657006,5.666661,0.039178,1.477076,1.108564,0.225077
18.1,14.657006,5.666661,0.039178,1.475494,1.108564,0.223523
18.15,14.657006,5.666661,0.039178,1.474778,1.108564,0.221951
18.2,14.657006,5.666661,0.039178,1.476095,1.108564,0.220317
18.25,14.657006,5.666661,0.039178,1.475803,1.108564,0.218753
18.3,14.657006,5.666661,0.039178,1.477338,1.108564,0.217134
18.35,14.657006,5.666661,0.039178,1.479062,1.108564,0.215516
18.4,14.657006,5.666661,0.039178,1.480162,1.108564,0.213926
18.45,14.657006,5.666661,0.039178,1.480636,1.108564,0.21236
18.5,14.657006,5.666661,0.039178,1.479173,1.108564,0.210734
18.55,14.657006,5.666661,0.039178,1.479544,1.108564,0.209198
18.6,14.657006,5.666661,0.039178,1.48009,1.108564,0.20767
18.65,14.657006,5.666661,0.039178,1.480139,1.108564,0.206124
18.7,14.657006,5.666661,0.039178,1.477951,1.108564,0.204497
18.75,14.657006,5.666661,0.039178,1.477108,1.108564,0.202914
18.8,14.657006,5.666661,0.039178,1.477295,1.108564,0.201363
18.85,14.657006,5.666661,0.039178,1.476791,1.108564,0.199783
18.9,14.657006,5.666661,0.039178,1.475943,1.108564,0.198186
18.95,14.657006,5.666661,0.039178,1.475909,1.108564,0.196612
19,14.657006,5.666661,0.039178,1.474374,1.108564,0.194978
19.05,14.657006,5.666661,0.039178,1.475412,1.108564,0.193429
19.1,14.657006,5.666661,0.039178,1.475984,1.108564,0.191858
19.15,14.657006,5.666661,0.039178,1.477005,1.108564,0.190297
19.2,14.657006,5.666661,0.039178,1.478663,1.108564,0.188756
19.25,14.657006,5.666661,0.039178,1.479677,1.108564,0.187191
19.3,14.657006,5.666661,0.039178,1.47946,1.108564,0.185655
19.35,14.657006,5.666661,0.039178,1.478026,1.108564,0.184107
19.4,14.657006,5.666661,0.039178,1.475889,1.108564,0.182589
19.45,14.657006,5.666661,0.039178,1.474873,1.108564,0.181038
19.5,14.657006,5.666661,0.039178,1.475163,1.108564,0.179448
19.55,14.657006,5.666661,0.039178,1.47479,1.108564,0.17789
19.6,14.657006,5.666661,0.039178,1.473049,1.108564,0.17639
19.65,14.657006,5.666661,0.039178,1.473057,1.108564,0.174835
19.7,14.657006,5.666661,0.039178,1.472273,1.108564,0.173319
19.75,14.657006,5.666661,0.039178,1.473564,1.108564,0.171736
19.8,14.657006,5.666661,0.039178,1.473016,1.108564,0.170229
19.85,14.657006,5.666661,0.039178,1.473799,1.108564,0.168682
19.9,14.657006,5.666661,0.039178,1.474216,1.108564,0.167156
19.95,14.657006,5.666661,0.039178,1.475229,1.108564,0.165615
20,14.657006,5.666661,0.039178,1.474206,1.108564,0.164155
20.05,14.657006,5.666661,0.039178,1.477218,1.108564,0.162553
20.1,14.657006,5.666661,0.039178,1.47843,1.108564,0.16102
20.15,14.657006,5.666661,0.039178,1.479676,1.108564,0.159465
20.2,14.657006,5.666661,0.039178,1.476639,1.108564,0.157871
20.25,14.657006,5.666661,0.039178,1.476037,1.108564,0.156359
20.3,14.657006,5.666661,0.039178,1.473287,1.108564,0.154767
20.35,14.657006,5.666661,0.039178,1.472451,1.108564,0.153236
20.4,14.657006,5.666661,0.039178,1.471979,1.108564,0.151713
20.45,14.657006,5.666661,0.039178,1.473416,1.108564,0.150253
20.5,14.657006,5.666661,0.039178,1.474801,1.108564,0.148789
20.55,14.657006,5.666661,0.039178,1.475847,1.108564,0.147308
20.6,14.657006,5.666661,0.039178,1.475796,1.108564,0.145785
20.65,14.657006,5.666661,0.039178,1.472928,1.108564,0.144154
20.7,14.657006,5.666661,0.039178,1.473688,1.108564,0.142652
20.75,14.657006,5.666661,0.039178,1.474672,1.108564,0.141154
20.8,14.657006,5.666661,0.039178,1.472821,1.108564,0.139549
20.85,14.657006,5.666661,0.039178,1.471205,1.108564,0.137949
20.9,14.657006,5.666661,0.039178,1.472965,1.108564,0.136465
20.95,14.657006,5.666661,0.039178,1.474813,1.108564,0.134981
21,14.657006,5.666661,0.039178,1.473349,1.108564,0.133376
21.05,14.657006,5.666661,0.039178,1.47834,1.108564,0.131996
21.1,14.657006,5.666661,0.039178,1.478911,1.108564,0.130459
21.15,14.657006,5.666661,0.039178,1.479187,1.108564,0.128936
21.2,14.657006,5.666661,0.039178,1.476295,1.108564,0.127481
21.25,14.657006,5.666661,0.039178,1.476188,1.108564,0.125931
21.3,14.657006,5.666661,0.039178,1.473788,1.108564,0.124465
21.35,14.657006,5.666661,0.039178,1.473388,1.108564,0.122932
21.4,14.657006,5.666661,0.039178,1.474491,1.108564,0.121348
21.45,14.657006,5.666661,0.039178,1.474928,1.108564,0.119792
21.5,14.657006,5.666661,0.039178,1.472317,1.108564,0.118345
21.55,14.657006,5.666661,0.039178,1.471217,1.108564,0.116851
21.6,14.657006,5.666661,0.039178,1.469476,1.108564,0.115385
21.65,14.657006,5.666661,0.039178,1.469252,1.108564,0.113868
21.7,14.657006,5.666661,0.039178,1.467376,1.108564,0.112418
21.75,14.657006,5.666661,0.039178,1.468758,1.108564,0.110851
21.8,14.657006,5.666661,0.039178,1.463264,1.108564,0.109555
21.85,14.657006,5.666661,0.039178,1.465303,1.108564,0.107971
21.9,14.657006,5.666661,0.039178,1.467695,1.108564,0.106383
21.95,14.657006,5.666661,0.039178,1.46959,1.108564,0.104821
22,14.657006,5.666661,0.039178,1.467474,1.108564,0.10341
22.05,14.657006,5.666661,0.039178,1.466819,1.108564,0.10195
22.1,14.657006,5.666661,0.039178,1.465202,1.108564,0.100532
22.15,14.657006,5.666661,0.039178,1.463596,1.108564,0.099121
22.2,14.657006,5.666661,0.039178,1.465283,1.108564,0.097585
22.25,14.657006,5.666661,0.039178,1.463821,1.108564,0.096178
22.3,14.657006,5.666661,0.039178,1.467407,1.108564,0.094578
22.35,14.657006,5.666661,0.039178,1.4669,1.108564,0.093139
22.4,14.657006,5.666661,0.039178,1.46593,1.108564,0.091722
22.45,14.657006,5.666661,0.039178,1.467798,1.108564,0.090198
22.5,14.657006,5.666661,0.039178,1.466438,1.108564,0.088802
22.55,14.657006,5.666661,0.039178,1.466494,1.108564,0.087353
22.6,14.657006,5.666661,0.039178,1.46829,1.108564,0.08584
22.65,14.657006,5.666661,0.039178,1.468564,1.108564,0.084386
22.7,14.657006,5.666661,0.039178,1.468502,1.108564,0.082947
22.75,14.657006,5.666661,0.039178,1.467825,1.108564,0.081533
22.8,14.657006,5.666661,0.039178,1.469115,1.108564,0.080044
22.85,14.657006,5.666661,0.039178,1.470676,1.108564,0.078546
22.9,14.657006,5.666661,0.039178,1.470433,1.108564,0.077116
22.95,14.657006,5.666661,0.039178,1.4699,1.108564,0.075696
23,14.657006,5.666661,0.039178,1.472302,1.108564,0.074166
23.05,14.657006,5.666661,0.039178,1.47016,1.108564,0.072805
23.1,14.657006,5.666661,0.039178,1.470338,1.108564,0.071356
23.15,14.657006,5.666661,0.039178,1.472534,1.108564,0.069831
23.2,14.657006,5.666661,0.039178,1.468212,1.108564,0.06855
23.25,14.657006,5.666661,0.039178,1.467863,1.108564,0.067118
23.3,14.657006,5.666661,0.039178,1.4681,1.108564,0.065661
23.35,14.657006,5.666661,0.039178,1.465273,1.108564,0.064324
23.4,14.657006,5.666661,0.039178,1.459339,1.108564,0.063125
23.45,14.657006,5.666661,0.039178,1.463635,1.108564,0.061488
23.5,14.657006,5.666661,0.039178,1.4609,1.108564,0.060148
23.55,14.657006,5.666661,0.039178,1.45836,1.108564,0.058802
23.6,14.657006,5.666661,0.039178,1.458396,1.108564,0.05734
23.65,14.657006,5.666661,0.039178,1.454708,1.108564,0.056044
23.7,14.657006,5.666661,0.039178,1.449896,1.108564,0.054809
23.75,14.657006,5.666661,0.039178,1.4481,1.108564,0.053429
23.8,14.657006,5.666661,0.039178,1.450905,1.108564,0.051817
23.85,14.657006,5.666661,0.039178,1.448487,1.108564,0.050458
23.9,14.657006,5.666661,0.039178,1.448795,1.108564,0.04896
23.95,14.657006,5.666661,0.039178,1.445266,1.108564,0.047648
24,14.657006,5.666661,0.039178,1.445357,1.108564,0.046148
24.05,14.657006,5.666661,0.039178,1.44072,1.108564,0.044887
24.1,14.657006,5.666661,0.039178,1.439056,1.108564,0.043465
24.15,14.657006,5.666661,0.039178,1.434763,1.108564,0.042185
24.2,14.657006,5.666661,0.039178,1.430663,1.108564,0.040895
24.25,14.657006,5.666661,0.039178,1.425839,1.108564,0.039654
24.3,14.657006,5.666661,0.039178,1.422054,1.108564,0.038348
24.35,14.657006,5.666661,0.039178,1.421006,1.108564,0.036845
24.4,14.657006,5.666661,0.039178,1.414415,1.108564,0.035735
24.45,14.657006,5.666661,0.039178,1.412485,1.108564,0.034271
24.5,14.657006,5.666661,0.039178,1.404013,1.108564,0.033356
24.55,14.657006,5.666661,0.039178,1.398585,1.108564,0.032215
24.6,14.657006,5.666661,0.039178,1.392893,1.108564,0.031133
24.65,14.657006,5.666661,0.039178,1.385927,1.108564,0.030272
24.7,14.657006,5.666661,0.039178,1.380782,1.108564,0.029234
24.75,14.657006,5.666661,0.039178,1.376375,1.108564,0.02812
24.8,14.657006,5.666661,0.039178,1.369596,1.108564,0.02758
24.85,14.657006,5.666661,0.039178,1.367101,1.108564,0.026146
24.9,14.657006,5.666661,0.039178,1.362306,1.108564,0.025365
24.95,14.657006,5.666661,0.039178,1.358448,1.108564,0.024431
25,14.657006,5.666661,0.039178,1.355207,1.108564,0.023358
25.05,14.657006,5.666661,0.039178,1.351258,1.108564,0.022876
25.1,14.657006,5.666661,0.039178,1.348183,1.108564,0.022267
25.15,14.657006,5.666661,0.039178,1.345668,1.108564,0.02167
25.2,14.657006,5.666661,0.039178,1.343642,1.108564,0.021224
25.25,14.657006,5.666661,0.039178,1.342255,1.108564,0.020593
25.3,14.657006,5.666661,0.039178,1.341352,1.108564,0.021033
25.35,14.657006,5.666661,0.039178,1.461955,1.108564,0.02097
25.4,14.657006,5.666661,0.039178,1.468019,1.108564,0.020583
25.45,14.657006,5.666661,0.039178,0,1.108564,0.020392
25.552703,14.657006,5.666661,0.039178,0,1.108564,0.020931
25.657588,14.657006,5.666661,0.039178,0,1.108564,0.021398
25.764911,14.657006,5.666661,0.039178,0,1.108564,0.022464
25.875061,14.657006,5.666661,0.039178,0,1.108564,0.023709
25.988559,14.657006,5.666661,0.039178,0,1.108564,0.025237
26.106121,14.657006,5.666661,0.039178,0,1.108564,0.02692
26.228636,14.657006,5.666661,0.039178,0,1.108564,0.028947
26.357353,14.657006,5.666661,0.039178,0,1.108564,0.03074
26.493591,14.657006,5.666661,0.039178,0,1.108564,0.032944
26.639519,14.657006,5.666661,0.039178,0,1.108564,0.03554
26.797955,14.657006,5.666661,0.039178,0,1.108564,0.038143
26.972311,14.657006,5.666661,0.039178,0,1.108564,0.04044
27.167599,14.657006,5.666661,0.039178,0,1.108564,0.042841
27.391333,14.657006,5.666661,0.039178,0,1.108564,0.045191
27.655532,14.657006,5.666661,0.039178,0,1.108564,0.047584
27.978362,14.657006,5.666661,0.039178,0,1.108564,0.049721
28.399722,14.657006,5.666661,0.039178,0,1.108564,0.051757
28.899722,14.657006,5.666661,0.039178,0,1.108564,0.05325
29.399722,14.657006,5.666661,0.039178,0,1.108564,0.053914
29.899722,14.657006,5.666661,0.039178,0,1.108564,0.05429
30.399722,14.657006,5.666661,0.039178,0,1.108564,0.054438
30.899722,14.657006,5.666661,0.039178,0,1.108564,0.054528
31.399722,14.657006,5.666661,0.039178,0,1.108564,0.054556
31.899722,14.657006,5.666661,0.039178,0,1.108564,0.054526
32.399722,14.657006,5.666661,0.039178,0,1.108564,0.054509
32.899722,14.657006,5.666661,0.039178,0,1.108564,0.054485
33.399722,14.657006,5.666661,0.039178,0,1.108564,0.054462
33.899722,14.657006,5.666661,0.039178,0,1.108564,0.054429
34.399722,14.657006,5.666661,0.039178,0,1.108564,0.0544
34.899722,14.657006,5.666661,0.039178,0,1.108564,0.054368
35.399722,14.657006,5.666661,0.039178,0,1.108564,0.054336
35.899722,14.657006,5.666661,0.039178,0,1.108564,0.054307
36.399722,14.657006,5.666661,0.039178,0,1.108564,0.054277
36.899722,14.657006,5.666661,0.039178,0,1.108564,0.054246
37.399722,14.657006,5.666661,0.039178,0,1.108564,0.054215
37.899722,14.657006,5.666661,0.039178,0,1.108564,0.054184
38.399722,14.657006,5.666661,0.039178,0,1.108564,0.054155
38.899722,14.657006,5.666661,0.039178,0,1.108564,0.054124
39.399722,14.657006,5.666661,0.039178,0,1.108564,0.054102
39.899722,14.657006,5.666661,0.039178,0,1.108564,0.054062
40.399722,14.657006,5.666661,0.039178,0,1.108564,0.054037
40.899722,14.657006,5.666661,0.039178,0,1.108564,0.054006
41.399722,14.657006,5.666661,0.039178,0,1.108564,0.053974
41.899722,14.657006,5.666661,0.039178,0,1.108564,0.053964
42.399722,14.657006,5.666661,0.039178,0,1.108564,0.05393
42.899722,14.657006,5.666661,0.039178,0,1.108564,0.05388
43.399722,14.657006,5.666661,0.039178,0,1.108564,0.05385
43.899722,14.657006,5.666661,0.039178,0,1.108564,0.053831
44.399722,14.657006,5.666661,0.039178,0,1.108564,0.053793
44.899722,14.657006,5.666661,0.039178,0,1.108564,0.053768
45.399722,14.657006,5.666661,0.039178,0,1.108564,0.05374
45.899722,14.657006,5.666661,0.039178,0,1.108564,0.053711
46.399722,14.657006,5.666661,0.039178,0,1.108564,0.053681
46.899722,14.657006,5.666661,0.039178,0,1.108564,0.053645
47.399722,14.657006,5.666661,0.039178,0,1.108564,0.053617
47.899722,14.657006,5.666661,0.039178,0,1.108564,0.053585
48.399722,14.657006,5.666661,0.039178,0,1.108564,0.05356
48.899722,14.657006,5.666661,0.039178,0,1.108564,0.053524
49.399722,14.657006,5.666661,0.039178,0,1.108564,0.053504
49.899722,14.657006,5.666661,0.039178,0,1.108564,0.053462
50.399722,14.657006,5.666661,0.039178,0,1.108564,0.05345
50.899722,14.657006,5.666661,0.039178,0,1.108564,0.053405
51.399722,14.657006,5.666661,0.039178,0,1.108564,0.05337
51.899722,14.657006,5.666661,0.039178,0,1.108564,0.053344
52.399722,14.657006,5.666661,0.039178,0,1.108564,0.053313
52.899722,14.657006,5.666661,0.039178,0,1.108564,0.053288
53.399722,14.657006,5.666661,0.039178,0,1.108564,0.053257
53.899722,14.657006,5.666661,0.039178,0,1.108564,0.053222
54.399722,14.657006,5.666661,0.039178,0,1.108564,0.0532
54.899722,14.657006,5.666661,0.039178,0,1.108564,0.05317
55.399722,14.657006,5.666661,0.039178,0,1.108564,0.053131
55.899722,14.657006,5.666661,0.039178,0,1.108564,0.053117
56.399722,14.657006,5.666661,0.039178,0,1.108564,0.053095
56.899722,14.657006,5.666661,0.039178,0,1.108564,0.053045
57.399722,14.657006,5.666661,0.039178,0,1.108564,0.053023
57.899722,14.657006,5.666661,0.039178,0,1.108564,0.052982
58.399722,14.657006,5.666661,0.039178,0,1.108564,0.052956
58.899722,14.657006,5.666661,0.039178,0,1.108564,0.052934
59.399722,14.657006,5.666661,0.039178,0,1.108564,0.052898
59.899722,14.657006,5.666661,0.039178,0,1.108564,0.052875
60.399722,14.657006,5.666661,0.039178,0,1.108564,0.052841
60.899722,14.657006,5.666661,0.039178,0,1.108564,0.052814
61.399722,14.657006,5.666661,0.039178,0,1.108564,0.052782
61.899722,14.657006,5.666661,0.039178,0,1.108564,0.052754
62.399722,14.657006,5.666661,0.039178,0,1.108564,0.052727
62.899722,14.657006,5.666661,0.039178,0,1.108564,0.052697
63.399722,14.657006,5.666661,0.039178,0,1.108564,0.052671
63.899722,14.657006,5.666661,0.039178,0,1.108564,0.05264
64.399722,14.657006,5.666661,0.039178,0,1.108564,0.052611
64.899722,14.657006,5.666661,0.039178,0,1.108564,0.052591
65.399722,14.657006,5.666661,0.039178,0,1.108564,0.052554
65.899722,14.657006,5.666661,0.039178,0,1.108564,0.052525
66.399722,14.657006,5.666661,0.039178,0,1.108564,0.052498
66.899722,14.657006,5.666661,0.039178,0,1.108564,0.05247
67.399722,14.657006,5.666661,0.039178,0,1.108564,0.052441
67.899722,14.657006,5.666661,0.039178,0,1.108564,0.052415
68.399722,14.657006,5.666661,0.039178,0,1.108564,0.052384
68.899722,14.657006,5.666661,0.039178,0,1.108564,0.052357
69.399722,14.657006,5.666661,0.039178,0,1.108564,0.052329
69.899722,14.657006,5.666661,0.039178,0,1.108564,0.052301
70.399722,14.657006,5.666661,0.039178,0,1.108564,0.052274
70.899722,14.657006,5.666661,0.039178,0,1.108564,0.052245
71.399722,14.657006,5.666661,0.039178,0,1.108564,0.052223
71.899722,14.657006,5.666661,0.039178,0,1.108564,0.052188
72.399722,14.657006,5.666661,0.039178,0,1.108564,0.052167
72.899722,14.657006,5.666661,0.039178,0,1.108564,0.052135
73.399722,14.657006,5.666661,0.039178,0,1.108564,0.052106
73.899722,14.657006,5.666661,0.039178,0,1.108564,0.052083
74.399722,14.657006,5.666661,0.039178,0,1.108564,0.052052
74.899722,14.657006,5.666661,0.039178,0,1.108564,0.052023
75.399722,14.657006,5.666661,0.039178,0,1.108564,0.051995
75.899722,14.657006,5.666661,0.039178,0,1.108564,0.051969
76.399722,14.657006,5.666661,0.039178,0,1.108564,0.051938
76.899722,14.657006,5.666661,0.039178,0,1.108564,0.051912
77.399722,14.657006,5.666661,0.039178,0,1.108564,0.051884
77.899722,14.657006,5.666661,0.039178,0,1.108564,0.051853
78.399722,14.657006,5.666661,0.039178,0,1.108564,0.051824
78.899722,14.657006,5.666661,0.039178,0,1.108564,0.051798
79.399722,14.657006,5.666661,0.039178,0,1.108564,0.051776
79.899722,14.657006,5.666661,0.039178,0,1.108564,0.05174
80.399722,14.657006,5.666661,0.039178,0,1.108564,0.051716
80.899722,14.657006,5.666661,0.039178,0,1.108564,0.051683
81.399722,14.657006,5.666661,0.039178,0,1.108564,0.051672
81.899722,14.657006,5.666661,0.039178,0,1.108564,0.051622
82.399722,14.657006,5.666661,0.039178,0,1.108564,0.051599
82.899722,14.657006,5.666661,0.039178,0,1.108564,0.05158
83.399722,14.657006,5.666661,0.039178,0,1.108564,0.051544
83.899722,14.657006,5.666661,0.039178,0,1.108564,0.051515
84.399722,14.657006,5.666661,0.039178,0,1.108564,0.051488
84.899722,14.657006,5.666661,0.039178,0,1.108564,0.051462
85.399722,14.657006,5.666661,0.039178,0,1.108564,0.051434
85.899722,14.657006,5.666661,0.039178,0,1.108564,0.051411
86.399722,14.657006,5.666661,0.039178,0,1.108564,0.051384
86.899722,14.657006,5.666661,0.039178,0,1.108564,0.051348
87.399722,14.657006,5.666661,0.039178,0,1.108564,0.051331
87.899722,14.657006,5.666661,0.039178,0,1.108564,0.051296
88.399722,14.657006,5.666661,0.039178,0,1.108564,0.05128
88.899722,14.657006,5.666661,0.039178,0,1.108564,0.051254
89.399722,14.657006,5.666661,0.039178,0,1.108564,0.051212
89.899722,14.657006,5.666661,0.039178,0,1.108564,0.051184
90.399722,14.657006,5.666661,0.039178,0,1.108564,0.051159
90.899722,14.657006,5.666661,0.039178,0,1.108564,0.051133
91.399722,14.657006,5.666661,0.039178,0,1.108564,0.051106
91.899722,14.657006,5.666661,0.039178,0,1.108564,0.051081
92.399722,14.657006,5.666661,0.039178,0,1.108564,0.051053
92.899722,14.657006,5.666661,0.039178,0,1.108564,0.051026
93.399722,14.657006,5.666661,0.039178,0,1.108564,0.051009
93.899722,14.657006,5.666661,0.039178,0,1.108564,0.05097
94.399722,14.657006,5.666661,0.039178,0,1.108564,0.050946
94.899722,14.657006,5.666661,0.039178,0,1.108564,0.050919
95.399722,14.657006,5.666661,0.039178,0,1.108564,0.050894
95.899722,14.657006,5.666661,0.039178,0,1.108564,0.050867
96.399722,14.657006,5.666661,0.039178,0,1.108564,0.050841
96.899722,14.657006,5.666661,0.039178,0,1.108564,0.050813
97.399722,14.657006,5.666661,0.039178,0,1.108564,0.050787
97.899722,14.657006,5.666661,0.039178,0,1.108564,0.050761
98.399722,14.657006,5.666661,0.039178,0,1.108564,0.050735
98.899722,14.657006,5.666661,0.039178,0,1.108564,0.050709
99.399722,14.657006,5.666661,0.039178,0,1.108564,0.050683
99.899722,14.657006,5.666661,0.039178,0,1.108564,0.05066
100.399722,14.657006,5.666661,0.039178,0,1.108564,0.050631
100.899722,14.657006,5.666661,0.039178,0,1.108564,0.050608
101.399722,14.657006,5.666661,0.039178,0,1.108564,0.050578
101.899722,14.657006,5.666661,0.039178,0,1.108564,0.050553
102.399722,14.657006,5.666661,0.039178,0,1.108564,0.050527
102.899722,14.657006,5.666661,0.039178,0,1.108564,0.050502
103.399722,14.657006,5.666661,0.039178,0,1.108564,0.050476
103.899722,14.657006,5.666661,0.039178,0,1.108564,0.05047
104.399722,14.657006,5.666661,0.039178,0,1.108564,0.050419
104.899722,14.657006,5.666661,0.039178,0,1.108564,0.050395
105.399722,14.657006,5.666661,0.039178,0,1.108564,0.050382
105.899722,14.657006,5.666661,0.039178,0,1.108564,0.050367
106.399722,14.657006,5.666661,0.039178,0,1.108564,0.050309
106.899722,14.657006,5.666661,0.039178,0,1.108564,0.050288
107.399722,14.657006,5.666661,0.039178,0,1.108564,0.050263
107.899722,14.657006,5.666661,0.039178,0,1.108564,0.050237
108.399722,14.657006,5.666661,0.039178,0,1.108564,0.050211
108.899722,14.657006,5.666661,0.039178,0,1.108564,0.050186
109.399722,14.657006,5.666661,0.039178,0,1.108564,0.050163
109.899722,14.657006,5.666661,0.039178,0,1.108564,0.050133
110.399722,14.657006,5.666661,0.039178,0,1.108564,0.050104
110.899722,14.657006,5.666661,0.039178,0,1.108564,0.050079
111.399722,14.657006,5.666661,0.039178,0,1.108564,0.050057
111.899722,14.657006,5.666661,0.039178,0,1.108564,0.050034
112.399722,14.657006,5.666661,0.039178,0,1.108564,0.049998
112.899722,14.657006,5.666661,0.039178,0,1.108564,0.049976
113.399722,14.657006,5.666661,0.039178,0,1.108564,0.049948
113.899722,14.657006,5.666661,0.039178,0,1.108564,0.049939
114.399722,14.657006,5.666661,0.039178,0,1.108564,0.049893
114.899722,14.657006,5.666661,0.039178,0,1.108564,0.049872
115.399722,14.657006,5.666661,0.039178,0,1.108564,0.049848
115.899722,14.657006,5.666661,0.039178,0,1.108564,0.049823
116.399722,14.657006,5.666661,0.039178,0,1.108564,0.0498
116.899722,14.657006,5.666661,0.039178,0,1.108564,0.049766
117.399722,14.657006,5.666661,0.039178,0,1.108564,0.049744
117.899722,14.657006,5.666661,0.039178,0,1.108564,0.049717
118.399722,14.657006,5.666661,0.039178,0,1.108564,0.049692
118.899722,14.657006,5.666661,0.039178,0,1.108564,0.049667
119.399722,14.657006,5.666661,0.039178,0,1.108564,0.049646
119.899722,14.657006,5.666661,0.039178,0,1.108564,0.049616
120.399722,14.657006,5.666661,0.039178,0,1.108564,0.04959
120.899722,14.657006,5.666661,0.039178,0,1.108564,0.049567
121.399722,14.657006,5.666661,0.039178,0,1.108564,0.049548
121.899722,14.657006,5.666661,0.039178,0,1.108564,0.049535
122.399722,14.657006,5.666661,0.039178,0,1.108564,0.049483
122.899722,14.657006,5.666661,0.039178,0,1.108564,0.049463
123.399722,14.657006,5.666661,0.039178,0,1.108564,0.049439
123.899722,14.657006,5.666661,0.039178,0,1.108564,0.049417
124.399722,14.657006,5.666661,0.039178,0,1.108564,0.049391
124.899722,14.657006,5.666661,0.039178,0,1.108564,0.049368
125.399722,14.657006,5.666661,0.039178,0,1.108564,0.049399
125.899722,14.657006,5.666661,0.039178,0,1.108564,0.049299
126.399722,14.657006,5.666661,0.039178,0,1.108564,0.049283
126.899722,14.657006,5.666661,0.039178,0,1.108564,0.049264
127.399722,14.657006,5.666661,0.039178,0,1.108564,0.049243
127.899722,14.657006,5.666661,0.039178,0,1.108564,0.049218
128.399722,14.657006,5.666661,0.039178,0,1.108564,0.049196
128.899722,14.657006,5.666661,0.039178,0,1.108564,0.049179
129.399722,14.657006,5.666661,0.039178,0,1.108564,0.04914
129.899722,14.657006,5.666661,0.039178,0,1.108564,0.049121
130.399722,14.657006,5.666661,0.039178,0,1.108564,0.049099
130.899722,14.657006,5.666661,0.039178,0,1.108564,0.049069
131.399722,14.657006,5.666661,0.039178,0,1.108564,0.049046
131.899722,14.657006,5.666661,0.039178,0,1.108564,0.049028
132.399722,14.657006,5.666661,0.039178,0,1.108564,0.048997
132.899722,14.657006,5.666661,0.039178,0,1.108564,0.048987
133.399722,14.657006,5.666661,0.039178,0,1.108564,0.048947
133.899722,14.657006,5.666661,0.039178,0,1.108564,0.048925
134.399722,14.657006,5.666661,0.039178,0,1.108564,0.048909
134.899722,14.657006,5.666661,0.039178,0,1.108564,0.048875
135.399722,14.657006,5.666661,0.039178,0,1.108564,0.048854
135.899722,14.657006,5.666661,0.039178,0,1.108564,0.048838
136.399722,14.657006,5.666661,0.039178,0,1.108564,0.048799
136.899722,14.657006,5.666661,0.039178,0,1.108564,0.048778
137.399722,14.657006,5.666661,0.039178,0,1.108564,0.048752
137.899722,14.657006,5.666661,0.039178,0,1.108564,0.048745
138.399722,14.657006,5.666661,0.039178,0,1.108564,0.048699
138.899722,14.657006,5.666661,0.039178,0,1.108564,0.048675
139.399722,14.657006,5.666661,0.039178,0,1.108564,0.048655
139.899722,14.657006,5.666661,0.039178,0,1.108564,0.048629
140.399722,14.657006,5.666661,0.039178,0,1.108564,0.048604
140.899722,14.657006,5.666661,0.039178,0,1.108564,0.04858
141.399722,14.657006,5.666661,0.039178,0,1.108564,0.048561
141.899722,14.657006,5.666661,0.039178,0,1.108564,0.04854
142.399722,14.657006,5.666661,0.039178,0,1.108564,0.048505
142.899722,14.657006,5.666661,0.039178,0,1.108564,0.048485
143.399722,14.657006,5.666661,0.039178,0,1.108564,0.048455
143.899722,14.657006,5.666661,0.039178,0,1.108564,0.048462
144.399722,14.657006,5.666661,0.039178,0,1.108564,0.0484
144.899722,14.657006,5.666661,0.039178,0,1.108564,0.048384
145.399722,14.657006,5.666661,0.039178,0,1.108564,0.048359
145.899722,14.657006,5.666661,0.039178,0,1.108564,0.048336
146.399722,14.657006,5.666661,0.039178,0,1.108564,0.048318
146.899722,14.657006,5.666661,0.039178,0,1.108564,0.048288
147.399722,14.657006,5.666661,0.039178,0,1.108564,0.048263
147.899722,14.657006,5.666661,0.039178,0,1.108564,0.048246
148.399722,14.657006,5.666661,0.039178,0,1.108564,0.048235
148.899722,14.657006,5.666661,0.039178,0,1.108564,0.048195
149.399722,14.657006,5.666661,0.039178,0,1.108564,0.048165
149.899722,14.657006,5.666661,0.039178,0,1.108564,0.048146
150.399722,14.657006,5.666661,0.039178,0,1.108564,0.048124
150.899722,14.657006,5.666661,0.039178,0,1.108564,0.048122
151.399722,14.657006,5.666661,0.039178,0,1.108564,0.048067
151.899722,14.657006,5.666661,0.039178,0,1.108564,0.048057
152.399722,14.657006,5.666661,0.039178,0,1.108564,0.04803
152.899722,14.657006,5.666661,0.039178,0,1.108564,0.048002
153.399722,14.657006,5.666661,0.039178,0,1.108564,0.047993
153.899722,14.657006,5.666661,0.039178,0,1.108564,0.04796
154.399722,14.657006,5.666661,0.039178,0,1.108564,0.04793
154.899722,14.657006,5.666661,0.039178,0,1.108564,0.047908
155.399722,14.657006,5.666661,0.039178,0,1.108564,0.047896
155.899722,14.657006,5.666661,0.039178,0,1.108564,0.047862
156.399722,14.657006,5.666661,0.039178,0,1.108564,0.047839
156.899722,14.657006,5.666661,0.039178,0,1.108564,0.047816
157.399722,14.657006,5.666661,0.039178,0,1.108564,0.047794
157.899722,14.657006,5.666661,0.039178,0,1.108564,0.047775
158.399722,14.657006,5.666661,0.039178,0,1.108564,0.047757
158.899722,14.657006,5.666661,0.039178,0,1.108564,0.047725
159.399722,14.657006,5.666661,0.039178,0,1.108564,0.0477
159.899722,14.657006,5.666661,0.039178,0,1.108564,0.047678
160.399722,14.657006,5.666661,0.039178,0,1.108564,0.047656
160.899722,14.657006,5.666661,0.039178,0,1.108564,0.047634
161.399722,14.657006,5.666661,0.039178,0,1.108564,0.047612
161.899722,14.657006,5.666661,0.039178,0,1.108564,0.047605
162.399722,14.657006,5.666661,0.039178,0,1.108564,0.047562
162.899722,14.657006,5.666661,0.039178,0,1.108564,0.047546
163.399722,14.657006,5.666661,0.039178,0,1.108564,0.047522
163.899722,14.657006,5.666661,0.039178,0,1.108564,0.047502
164.399722,14.657006,5.666661,0.039178,0,1.108564,0.047473
164.899722,14.657006,5.666661,0.039178,0,1.108564,0.047455
165.399722,14.657006,5.666661,0.039178,0,1.108564,0.047429
165.899722,14.657006,5.666661,0.039178,0,1.108564,0.047406
166.399722,14.657006,5.666661,0.039178,0,1.108564,0.047388
166.899722,14.657006,5.666661,0.039178,0,1.108564,0.047358
167.399722,14.657006,5.666661,0.039178,0,1.108564,0.047344
167.899722,14.657006,5.666661,0.039178,0,1.108564,0.04731
168.399722,14.657006,5.666661,0.039178,0,1.108564,0.047291
168.899722,14.657006,5.666661,0.039178,0,1.108564,0.04727
169.399722,14.657006,5.666661,0.039178,0,1.108564,0.047253
169.899722,14.657006,5.666661,0.039178,0,1.108564,0.04722
170.399722,14.657006,5.666661,0.039178,0,1.108564,0.047194
170.899722,14.657006,5.666661,0.039178,0,1.108564,0.047173
171.399722,14.657006,5.666661,0.039178,0,1.108564,0.047153
171.899722,14.657006,5.666661,0.039178,0,1.108564,0.047127
172.399722,14.657006,5.666661,0.039178,0,1.108564,0.047104
172.899722,14.657006,5.666661,0.039178,0,1.108564,0.047083
173.399722,14.657006,5.666661,0.039178,0,1.108564,0.047059
173.899722,14.657006,5.666661,0.039178,0,1.108564,0.047039
174.399722,14.657006,5.666661,0.039178,0,1.108564,0.047014
174.899722,14.657006,5.666661,0.039178,0,1.108564,0.046993
175.399722,14.657006,5.666661,0.039178,0,1.108564,0.046966
175.899722,14.657006,5.666661,0.039178,0,1.108564,0.046945
176.399722,14.657006,5.666661,0.039178,0,1.108564,0.046934
176.899722,14.657006,5.666661,0.039178,0,1.108564,0.046896
177.399722,14.657006,5.666661,0.039178,0,1.108564,0.046883
177.899722,14.657006,5.666661,0.039178,0,1.108564,0.046856
178.399722,14.657006,5.666661,0.039178,0,1.108564,0.046834
178.899722,14.657006,5.666661,0.039178,0,1.108564,0.046824
179.399722,14.657006,5.666661,0.039178,0,1.108564,0.046787
179.899722,14.657006,5.666661,0.039178,0,1.108564,0.046762
180.399722,14.657006,5.666661,0.039178,0,1.108564,0.046749
180.899722,14.657006,5.666661,0.039178,0,1.108564,0.046729
181.399722,14.657006,5.666661,0.039178,0,1.108564,0.046694
181.899722,14.657006,5.666661,0.039178,0,1.108564,0.046676
182.399722,14.657006,5.666661,0.039178,0,1.108564,0.046653
182.899722,14.657006,5.666661,0.039178,0,1.108564,0.046632
183.399722,14.657006,5.666661,0.039178,0,1.108564,0.04661
183.899722,14.657006,5.666661,0.039178,0,1.108564,0.046591
184.399722,14.657006,5.666661,0.039178,0,1.108564,0.046565
184.899722,14.657006,5.666661,0.039178,0,1.108564,0.046549
185.399722,14.657006,5.666661,0.039178,0,1.108564,0.046527
185.899722,14.657006,5.666661,0.039178,0,1.108564,0.046497
186.399722,14.657006,5.666661,0.039178,0,1.108564,0.04648
186.899722,14.657006,5.666661,0.039178,0,1.108564,0.04646
187.399722,14.657006,5.666661,0.039178,0,1.108564,0.046437
187.899722,14.657006,5.666661,0.039178,0,1.108564,0.046411
188.399722,14.657006,5.666661,0.039178,0,1.108564,0.04639
188.899722,14.657006,5.666661,0.039178,0,1.108564,0.046376
189.399722,14.657006,5.666661,0.039178,0,1.108564,0.046346
189.899722,14.657006,5.666661,0.039178,0,1.108564,0.046326
190.399722,14.657006,5.666661,0.039178,0,1.108564,0.046305
190.899722,14.657006,5.666661,0.039178,0,1.108564,0.046284
191.399722,14.657006,5.666661,0.039178,0,1.108564,0.046271
191.899722,14.657006,5.666661,0.039178,0,1.108564,0.046238
192.399722,14.657006,5.666661,0.039178,0,1.108564,0.046221
192.899722,14.657006,5.666661,0.039178,0,1.108564,0.0462
193.399722,14.657006,5.666661,0.039178,0,1.108564,0.046177
193.899722,14.657006,5.666661,0.039178,0,1.108564,0.046154
194.399722,14.657006,5.666661,0.039178,0,1.108564,0.046146
194.899722,14.657006,5.666661,0.039178,0,1.108564,0.04611
195.399722,14.657006,5.666661,0.039178,0,1.108564,0.04609
195.899722,14.657006,5.666661,0.039178,0,1.108564,0.046075
196.399722,14.657006,5.666661,0.039178,0,1.108564,0.046048
196.400722,14.657006,5.666661,0.039178,0,1.108564,0.046048
196.412057,14.657006,5.666661,0.039178,0,1.108564,0.043093
196.425207,14.657006,5.666661,0.039178,0,1.108564,0.040138
196.440668,14.657006,5.666661,0.039178,0,1.108564,0.037183
196.459145,14.657006,5.666661,0.039178,0,1.108564,0.034228
196.481683,14.657006,5.666661,0.039178,0,1.108564,0.031274
196.509911,14.657006,5.666661,0.039178,0,1.108564,0.02832
196.546555,14.657006,5.666661,0.039178,0,1.108564,0.025364
196.596673,14.657006,5.666661,0.039178,0,1.108564,0.022409
196.671149,14.657006,5.666661,0.039178,0,1.108564,0.019455
196.800839,14.657006,5.666661,0.039178,0,1.108564,0.016501
197.022624,14.657006,5.666661,0.039178,0,1.108564,0.014671
197.272125,14.657006,5.666661,0.039178,0,1.108564,0.01455
197.772125,14.657006,5.666661,0.039178,0,1.108564,0.014576
198.023558,14.657006,5.666661,0.039178,0,1.108564,0.014553
198.275221,14.657006,5.666661,0.039178,0,1.108564,0.014543
198.526799,14.657006,5.666661,0.039178,0,1.108564,0.014559
198.778249,14.657006,5.666661,0.039178,0,1.108564,0.014554
199.029772,14.657006,5.666661,0.039178,0,1.108564,0.014531
199.28129,14.657006,5.666661,0.039178,0,1.108564,0.01454
199.532613,14.657006,5.666661,0.039178,0,1.108564,0.014561
199.783921,14.657006,5.666661,0.039178,0,1.108564,0.014531
200.035398,14.657006,5.666661,0.039178,0,1.108564,0.014539
200.286703,14.657006,5.666661,0.039178,0,1.108564,0.014535
200.537995,14.657006,5.666661,0.039178,0,1.108564,0.01454
200.789248,14.657006,5.666661,0.039178,0,1.108564,0.014538
201.040527,14.657006,5.666661,0.039178,0,1.108564,0.01453
201.2918,14.657006,5.666661,0.039178,0,1.108564,0.014535
201.543007,14.657006,5.666661,0.039178,0,1.108564,0.014529
201.794224,14.657006,5.666661,0.039178,0,1.108564,0.014567
202.045392,14.657006,5.666661,0.039178,0,1.108564,0.014512
202.296871,14.657006,5.666661,0.039178,0,1.108564,0.014542
202.54803,14.657006,5.666661,0.039178,0,1.108564,0.014521
202.799289,14.657006,5.666661,0.039178,0,1.108564,0.01453
203.050417,14.657006,5.666661,0.039178,0,1.108564,0.014522
203.301559,14.657006,5.666661,0.039178,0,1.108564,0.014526
203.552645,14.657006,5.666661,0.039178,0,1.108564,0.014528
203.803738,14.657006,5.666661,0.039178,0,1.108564,0.014517
204.054857,14.657006,5.666661,0.039178,0,1.108564,0.01452
204.305891,14.657006,5.666661,0.039178,0,1.108564,0.014518
204.556909,14.657006,5.666661,0.039178,0,1.108564,0.014518
204.807908,14.657006,5.666661,0.039178,0,1.108564,0.014516
205.058899,14.657006,5.666661,0.039178,0,1.108564,0.014532
205.309867,14.657006,5.666661,0.039178,0,1.108564,0.014514
205.560962,14.657006,5.666661,0.039178,0,1.108564,0.014519
205.811972,14.657006,5.666661,0.039178,0,1.108564,0.014526
206.062979,14.657006,5.666661,0.039178,0,1.108564,0.014501
206.31405,14.657006,5.666661,0.039178,0,1.108564,0.014521
206.564941,14.657006,5.666661,0.039178,0,1.108564,0.014503
206.815911,14.657006,5.666661,0.039178,0,1.108564,0.014523
207.066771,14.657006,5.666661,0.039178,0,1.108564,0.014501
207.317749,14.657006,5.666661,0.039178,0,1.108564,0.014515
207.5686,14.657006,5.666661,0.039178,0,1.108564,0.014538
207.81951,14.657006,5.666661,0.039178,0,1.108564,0.014495
208.070646,14.657006,5.666661,0.039178,0,1.108564,0.0145
208.321525,14.657006,5.666661,0.039178,0,1.108564,0.014501
208.572319,14.657006,5.666661,0.039178,0,1.108564,0.014499
209.072319,14.657006,5.666661,0.039178,0,1.108564,0.0145
209.323026,14.657006,5.666661,0.039178,0,1.108564,0.014497
209.573741,14.657006,5.666661,0.039178,0,1.108564,0.014526
209.824439,14.657006,5.666661,0.039178,0,1.108564,0.014499
210.075384,14.657006,5.666661,0.039178,0,1.108564,0.014485
210.326215,14.657006,5.666661,0.039178,0,1.108564,0.014493
210.576874,14.657006,5.666661,0.039178,0,1.108564,0.01449
211.076874,14.657006,5.666661,0.039178,0,1.108564,0.014509
211.327457,14.657006,5.666661,0.039178,0,1.108564,0.014493
211.578209,14.657006,5.666661,0.039178,0,1.108564,0.014482
211.828905,14.657006,5.666661,0.039178,0,1.108564,0.014487
212.079482,14.657006,5.666661,0.039178,0,1.108564,0.014484
212.579482,14.657006,5.666661,0.039178,0,1.108564,0.014484
212.829984,14.657006,5.666661,0.039178,0,1.108564,0.014493
213.080489,14.657006,5.666661,0.039178,0,1.108564,0.014474
213.331076,14.657006,5.666661,0.039178,0,1.108564,0.01448
213.581537,14.657006,5.666661,0.039178,0,1.108564,0.014478
213.831995,14.657006,5.666661,0.039178,0,1.108564,0.014511
214.082433,14.657006,5.666661,0.039178,0,1.108564,0.01448
214.333148,14.657006,5.666661,0.039178,0,1.108564,0.014465
214.583735,14.657006,5.666661,0.039178,0,1.108564,0.014493
214.834127,14.657006,5.666661,0.039178,0,1.108564,0.014473
215.084663,14.657006,5.666661,0.039178,0,1.108564,0.01447
215.335104,14.657006,5.666661,0.039178,0,1.108564,0.014478
215.585474,14.657006,5.666661,0.039178,0,1.108564,0.014492
215.835874,14.657006,5.666661,0.039178,0,1.108564,0.014489
216.086418,14.657006,5.666661,0.039178,0,1.108564,0.014454
216.337009,14.657006,5.666661,0.039178,0,1.108564,0.014464
216.587318,14.657006,5.666661,0.039178,0,1.108564,0.014467
216.837582,14.657006,5.666661,0.039178,0,1.108564,0.014492
217.087845,14.657006,5.666661,0.039178,0,1.108564,0.014459
217.338329,14.657006,5.666661,0.039178,0,1.108564,0.014466
217.588641,14.657006,5.666661,0.039178,0,1.108564,0.01446
217.838928,14.657006,5.666661,0.039178,0,1.108564,0.014458
218.089147,14.657006,5.666661,0.039178,0,1.108564,0.014492
218.33932,14.657006,5.666661,0.039178,0,1.108564,0.014441
218.589768,14.657006,5.666661,0.039178,0,1.108564,0.014456
218.839915,14.657006,5.666661,0.039178,0,1.108564,0.014457
219.090043,14.657006,5.666661,0.039178,0,1.108564,0.01447
219.340172,14.657006,5.666661,0.039178,0,1.108564,0.014465
219.590413,14.657006,5.666661,0.039178,0,1.108564,0.014443
219.840671,14.657006,5.666661,0.039178,0,1.108564,0.014451
220.090749,14.657006,5.666661,0.039178,0,1.108564,0.014452
220.340801,14.657006,5.666661,0.039178,0,1.108564,0.014448
220.840801,14.657006,5.666661,0.039178,0,1.108564,0.01445
221.090793,14.657006,5.666661,0.039178,0,1.108564,0.0145
221.340807,14.657006,5.666661,0.039178,0,1.108564,0.014421
221.591267,14.657006,5.666661,0.039178,0,1.108564,0.014442
221.841262,14.657006,5.666661,0.039178,0,1.108564,0.014443
222.091211,14.657006,5.666661,0.039178,0,1.108564,0.014447
222.341149,14.657006,5.666661,0.039178,0,1.108564,0.014441
222.591118,14.657006,5.666661,0.039178,0,1.108564,0.014438
222.841047,14.657006,5.666661,0.039178,0,1.108564,0.014438
223.090935,14.657006,5.666661,0.039178,0,1.108564,0.014441
223.340806,14.657006,5.666661,0.039178,0,1.108564,0.014481
223.590696,14.657006,5.666661,0.039178,0,1.108564,0.014418
223.840939,14.657006,5.666661,0.039178,0,1.108564,0.014431
224.090817,14.657006,5.666661,0.039178,0,1.108564,0.014455
224.340628,14.657006,5.666661,0.039178,0,1.108564,0.014424
224.590616,14.657006,5.666661,0.039178,0,1.108564,0.014446
224.84042,14.657006,5.666661,0.039178,0,1.108564,0.014452
225.090325,14.657006,5.666661,0.039178,0,1.108564,0.014413
225.340341,14.657006,5.666661,0.039178,0,1.108564,0.014428
225.590077,14.657006,5.666661,0.039178,0,1.108564,0.014427
225.839798,14.657006,5.666661,0.039178,0,1.108564,0.014437
226.089504,14.657006,5.666661,0.039178,0,1.108564,0.014423
226.339296,14.657006,5.666661,0.039178,0,1.108564,0.014476
226.589012,14.657006,5.666661,0.039178,0,1.108564,0.014395
226.839146,14.657006,5.666661,0.039178,0,1.108564,0.014422
227.088795,14.657006,5.666661,0.039178,0,1.108564,0.014424
227.33843,14.657006,5.666661,0.039178,0,1.108564,0.014464
227.588078,14.657006,5.666661,0.039178,0,1.108564,0.014396
227.838085,14.657006,5.666661,0.039178,0,1.108564,0.01442
228.087682,14.657006,5.666661,0.039178,0,1.108564,0.014424
228.337284,14.657006,5.666661,0.039178,0,1.108564,0.014415
228.586925,14.657006,5.666661,0.039178,0,1.108564,0.014422
228.836513,14.657006,5.666661,0.039178,0,1.108564,0.014409
229.086132,14.657006,5.666661,0.039178,0,1.108564,0.014411
229.586132,14.657006,5.666661,0.039178,0,1.108564,0.014426
229.835598,14.657006,5.666661,0.039178,0,1.108564,0.014436
230.085198,14.657006,5.666661,0.039178,0,1.108564,0.014392
230.334958,14.657006,5.666661,0.039178,0,1.108564,0.014409
230.584415,14.657006,5.666661,0.039178,0,1.108564,0.014404
230.833867,14.657006,5.666661,0.039178,0,1.108564,0.014408
231.083281,14.657006,5.666661,0.039178,0,1.108564,0.014402
231.332705,14.657006,5.666661,0.039178,0,1.108564,0.014402
231.582088,14.657006,5.666661,0.039178,0,1.108564,0.01444
231.831451,14.657006,5.666661,0.039178,0,1.108564,0.014381
232.081138,14.657006,5.666661,0.039178,0,1.108564,0.014399
232.330475,14.657006,5.666661,0.039178,0,1.108564,0.0144
232.579793,14.657006,5.666661,0.039178,0,1.108564,0.014396
233.079793,14.657006,5.666661,0.039178,0,1.108564,0.014413
233.329053,14.657006,5.666661,0.039178,0,1.108564,0.014385
233.578466,14.657006,5.666661,0.039178,0,1.108564,0.014394
233.827711,14.657006,5.666661,0.039178,0,1.108564,0.014407
234.076948,14.657006,5.666661,0.039178,0,1.108564,0.014396
234.326303,14.657006,5.666661,0.039178,0,1.108564,0.014398
234.575618,14.657006,5.666661,0.039178,0,1.108564,0.014387
234.824931,14.657006,5.666661,0.039178,0,1.108564,0.01439
235.074154,14.657006,5.666661,0.039178,0,1.108564,0.014383
235.323361,14.657006,5.666661,0.039178,0,1.108564,0.014387
235.572501,14.657006,5.666661,0.039178,0,1.108564,0.014385
235.82164,14.657006,5.666661,0.039178,0,1.108564,0.014384
236.070763,14.657006,5.666661,0.039178,0,1.108564,0.014382
236.319867,14.657006,5.666661,0.039178,0,1.108564,0.014387
236.568949,14.657006,5.666661,0.039178,0,1.108564,0.014386
236.818068,14.657006,5.666661,0.039178,0,1.108564,0.014375
237.067197,14.657006,5.666661,0.039178,0,1.108564,0.01438
237.316235,14.657006,5.666661,0.039178,0,1.108564,0.014385
237.565272,14.657006,5.666661,0.039178,0,1.108564,0.014372
237.814356,14.657006,5.666661,0.039178,0,1.108564,0.014378
238.063349,14.657006,5.666661,0.039178,0,1.108564,0.014378
238.312351,14.657006,5.666661,0.039178,0,1.108564,0.01437
238.561361,14.657006,5.666661,0.039178,0,1.108564,0.014373
238.81031,14.657006,5.666661,0.039178,0,1.108564,0.014379
239.059254,14.657006,5.666661,0.039178,0,1.108564,0.014366
239.308247,14.657006,5.666661,0.039178,0,1.108564,0.014392
239.557154,14.657006,5.666661,0.039178,0,1.108564,0.014379
239.806252,14.657006,5.666661,0.039178,0,1.108564,0.014357
240.055335,14.657006,5.666661,0.039178,0,1.108564,0.014368
240.304215,14.657006,5.666661,0.039178,0,1.108564,0.014368
240.553092,14.657006,5.666661,0.039178,0,1.108564,0.014361
240.801968,14.657006,5.666661,0.039178,0,1.108564,0.01437
241.050786,14.657006,5.666661,0.039178,0,1.108564,0.014372
241.299655,14.657006,5.666661,0.039178,0,1.108564,0.014361
241.548569,14.657006,5.666661,0.039178,0,1.108564,0.014366
241.797414,14.657006,5.666661,0.039178,0,1.108564,0.014368
242.046264,14.657006,5.666661,0.039178,0,1.108564,0.01435
242.295136,14.657006,5.666661,0.039178,0,1.108564,0.014356
242.543864,14.657006,5.666661,0.039178,0,1.108564,0.014356
242.792578,14.657006,5.666661,0.039178,0,1.108564,0.014373
243.041288,14.657006,5.666661,0.039178,0,1.108564,0.014346
243.29014,14.657006,5.666661,0.039178,0,1.108564,0.014361
243.538834,14.657006,5.666661,0.039178,0,1.108564,0.014368
243.78758,14.657006,5.666661,0.039178,0,1.108564,0.014378
244.036412,14.657006,5.666661,0.039178,0,1.108564,0.014345
244.285378,14.657006,5.666661,0.039178,0,1.108564,0.014342
244.534125,14.657006,5.666661,0.039178,0,1.108564,0.01435
244.782741,14.657006,5.666661,0.039178,0,1.108564,0.014345
245.031364,14.657006,5.666661,0.039178,0,1.108564,0.01435
245.27995,14.657006,5.666661,0.039178,0,1.108564,0.014342
245.528563,14.657006,5.666661,0.039178,0,1.108564,0.014342
245.777117,14.657006,5.666661,0.039178,0,1.108564,0.014349
246.025644,14.657006,5.666661,0.039178,0,1.108564,0.014342
246.274217,14.657006,5.666661,0.039178,0,1.108564,0.014339
246.522759,14.657006,5.666661,0.039178,0,1.108564,0.014339
246.771258,14.657006,5.666661,0.039178,0,1.108564,0.014341
247.019736,14.657006,5.666661,0.039178,0,1.108564,0.014337
247.268226,14.657006,5.666661,0.039178,0,1.108564,0.014351
247.516687,14.657006,5.666661,0.039178,0,1.108564,0.014358
247.765256,14.657006,5.666661,0.039178,0,1.108564,0.014337
248.01394,14.657006,5.666661,0.039178,0,1.108564,0.014323
248.262503,14.657006,5.666661,0.039178,0,1.108564,0.014333
248.510884,14.657006,5.666661,0.039178,0,1.108564,0.014387
248.759266,14.657006,5.666661,0.039178,0,1.108564,0.014302
249.00812,14.657006,5.666661,0.039178,0,1.108564,0.014332
249.256475,14.657006,5.666661,0.039178,0,1.108564,0.014353
249.504839,14.657006,5.666661,0.039178,0,1.108564,0.014313
249.753395,14.657006,5.666661,0.039178,0,1.108564,0.014328
250.001697,14.657006,5.666661,0.039178,0,1.108564,0.014418
250.250002,14.657006,5.666661,0.039178,0,1.108564,0.014316
250.4991,14.657006,5.666661,0.039178,0,1.108564,0.014302
250.747703,14.657006,5.666661,0.039178,0,1.108564,0.014321
250.99594,14.657006,5.666661,0.039178,0,1.108564,0.01433
251.244166,14.657006,5.666661,0.039178,0,1.108564,0.014326
251.492464,14.657006,5.666661,0.039178,0,1.108564,0.014344
251.740766,14.657006,5.666661,0.039178,0,1.108564,0.014314
251.989228,14.657006,5.666661,0.039178,0,1.108564,0.014313
252.237506,14.657006,5.666661,0.039178,0,1.108564,0.014313
252.485687,14.657006,5.666661,0.039178,0,1.108564,0.014315
252.733822,14.657006,5.666661,0.039178,0,1.108564,0.014312
252.981952,14.657006,5.666661,0.039178,0,1.108564,0.014312
253.230056,14.657006,5.666661,0.039178,0,1.108564,0.014343
253.478147,14.657006,5.666661,0.039178,0,1.108564,0.014327
253.726501,14.657006,5.666661,0.039178,0,1.108564,0.014297
253.974856,14.657006,5.666661,0.039178,0,1.108564,0.014307
254.222948,14.657006,5.666661,0.039178,0,1.108564,0.014317
254.471003,14.657006,5.666661,0.039178,0,1.108564,0.014302
254.719121,14.657006,5.666661,0.039178,0,1.108564,0.014329
254.967146,14.657006,5.666661,0.039178,0,1.108564,0.014301
255.215356,14.657006,5.666661,0.039178,0,1.108564,0.014309
255.46342,14.657006,5.666661,0.039178,0,1.108564,0.014305
255.711484,14.657006,5.666661,0.039178,0,1.108564,0.014307
255.959514,14.657006,5.666661,0.039178,0,1.108564,0.014295
256.207543,14.657006,5.666661,0.039178,0,1.108564,0.014299
256.455472,14.657006,5.666661,0.039178,0,1.108564,0.014352
256.703386,14.657006,5.666661,0.039178,0,1.108564,0.014271
256.951757,14.657006,5.666661,0.039178,0,1.108564,0.014301
257.199656,14.657006,5.666661,0.039178,0,1.108564,0.014329
257.447581,14.657006,5.666661,0.039178,0,1.108564,0.014274
257.695763,14.657006,5.666661,0.039178,0,1.108564,0.014301
257.9436,14.657006,5.666661,0.039178,0,1.108564,0.014288
258.191498,14.657006,5.666661,0.039178,0,1.108564,0.014294
258.439318,14.657006,5.666661,0.039178,0,1.108564,0.014287
258.687151,14.657006,5.666661,0.039178,0,1.108564,0.014303
258.934927,14.657006,5.666661,0.039178,0,1.108564,0.014279
259.18282,14.657006,5.666661,0.039178,0,1.108564,0.0143
259.430565,14.657006,5.666661,0.039178,0,1.108564,0.014287
259.678416,14.657006,5.666661,0.039178,0,1.108564,0.014283
259.926209,14.657006,5.666661,0.039178,0,1.108564,0.014286
260.17394,14.657006,5.666661,0.039178,0,1.108564,0.014281
260.421669,14.657006,5.666661,0.039178,0,1.108564,0.01428
260.669354,14.657006,5.666661,0.039178,0,1.108564,0.01428
260.917014,14.657006,5.666661,0.039178,0,1.108564,0.014289
261.164664,14.657006,5.666661,0.039178,0,1.108564,0.01431
261.412385,14.657006,5.666661,0.039178,0,1.108564,0.014258
261.66033,14.657006,5.666661,0.039178,0,1.108564,0.014299
261.907932,14.657006,5.666661,0.039178,0,1.108564,0.014267
262.155726,14.657006,5.666661,0.039178,0,1.108564,0.014304
262.403334,14.657006,5.666661,0.039178,0,1.108564,0.014259
262.65117,14.657006,5.666661,0.039178,0,1.108564,0.014272
262.898736,14.657006,5.666661,0.039178,0,1.108564,0.01427
263.398736,14.657006,5.666661,0.039178,0,1.108564,0.014299
263.646226,14.657006,5.666661,0.039178,0,1.108564,0.014253
263.893974,14.657006,5.666661,0.039178,0,1.108564,0.014267
264.141452,14.657006,5.666661,0.039178,0,1.108564,0.014274
264.388917,14.657006,5.666661,0.039178,0,1.108564,0.014265
264.63644,14.657006,5.666661,0.039178,0,1.108564,0.014267
264.883912,14.657006,5.666661,0.039178,0,1.108564,0.014262
265.131382,14.657006,5.666661,0.039178,0,1.108564,0.014262
265.378806,14.657006,5.666661,0.039178,0,1.108564,0.01426
265.626205,14.657006,5.666661,0.039178,0,1.108564,0.01426
265.873582,14.657006,5.666661,0.039178,0,1.108564,0.014259
266.120944,14.657006,5.666661,0.039178,0,1.108564,0.014258
266.368292,14.657006,5.666661,0.039178,0,1.108564,0.014257
266.615625,14.657006,5.666661,0.039178,0,1.108564,0.014269
266.862951,14.657006,5.666661,0.039178,0,1.108564,0.014248
267.110373,14.657006,5.666661,0.039178,0,1.108564,0.014254
267.357667,14.657006,5.666661,0.039178,0,1.108564,0.014253
267.604945,14.657006,5.666661,0.039178,0,1.108564,0.014253
267.852213,14.657006,5.666661,0.039178,0,1.108564,0.014251
268.099478,14.657006,5.666661,0.039178,0,1.108564,0.014266
268.346725,14.657006,5.666661,0.039178,0,1.108564,0.014259
268.594095,14.657006,5.666661,0.039178,0,1.108564,0.014239
268.841467,14.657006,5.666661,0.039178,0,1.108564,0.014248
269.088668,14.657006,5.666661,0.039178,0,1.108564,0.014246
269.335864,14.657006,5.666661,0.039178,0,1.108564,0.014245
269.583042,14.657006,5.666661,0.039178,0,1.108564,0.014245
269.830202,14.657006,5.666661,0.039178,0,1.108564,0.014248
270.077359,14.657006,5.666661,0.039178,0,1.108564,0.01424
270.324542,14.657006,5.666661,0.039178,0,1.108564,0.014253
270.571669,14.657006,5.666661,0.039178,0,1.108564,0.014248
270.818878,14.657006,5.666661,0.039178,0,1.108564,0.014231
271.06609,14.657006,5.666661,0.039178,0,1.108564,0.01424
271.31316,14.657006,5.666661,0.039178,0,1.108564,0.014235
271.560236,14.657006,5.666661,0.039178,0,1.108564,0.014245
271.807274,14.657006,5.666661,0.039178,0,1.108564,0.014238
272.307274,14.657006,5.666661,0.039178,0,1.108564,0.014242
272.554322,14.657006,5.666661,0.039178,0,1.108564,0.014237
272.801409,14.657006,5.666661,0.039178,0,1.108564,0.014225
273.048473,14.657006,5.666661,0.039178,0,1.108564,0.014237
273.295427,14.657006,5.666661,0.039178,0,1.108564,0.014232
273.542428,14.657006,5.666661,0.039178,0,1.108564,0.014227
273.789411,14.657006,5.666661,0.039178,0,1.108564,0.014236
274.036349,14.657006,5.666661,0.039178,0,1.108564,0.01425
274.283342,14.657006,5.666661,0.039178,0,1.108564,0.014212
274.530481,14.657006,5.666661,0.039178,0,1.108564,0.014224
274.777372,14.657006,5.666661,0.039178,0,1.108564,0.014231
275.024245,14.657006,5.666661,0.039178,0,1.108564,0.014224
275.271167,14.657006,5.666661,0.039178,0,1.108564,0.014217
275.518054,14.657006,5.666661,0.039178,0,1.108564,0.014224
275.764869,14.657006,5.666661,0.039178,0,1.108564,0.014227
276.011712,14.657006,5.666661,0.039178,0,1.108564,0.014216
276.25859,14.657006,5.666661,0.039178,0,1.108564,0.014223
276.505398,14.657006,5.666661,0.039178,0,1.108564,0.014231
276.752232,14.657006,5.666661,0.039178,0,1.108564,0.014204
276.999148,14.657006,5.666661,0.039178,0,1.108564,0.014213
277.245876,14.657006,5.666661,0.039178,0,1.108564,0.014239
277.49259,14.657006,5.666661,0.039178,0,1.108564,0.014213
277.739522,14.657006,5.666661,0.039178,0,1.108564,0.014212
277.98634,14.657006,5.666661,0.039178,0,1.108564,0.014205
278.23309,14.657006,5.666661,0.039178,0,1.108564,0.014222
278.47975,14.657006,5.666661,0.039178,0,1.108564,0.014201
278.726516,14.657006,5.666661,0.039178,0,1.108564,0.014227
278.973147,14.657006,5.666661,0.039178,0,1.108564,0.014206
279.219946,14.657006,5.666661,0.039178,0,1.108564,0.014207
279.466643,14.657006,5.666661,0.039178,0,1.108564,0.014225
279.713303,14.657006,5.666661,0.039178,0,1.108564,0.014197
279.960105,14.657006,5.666661,0.039178,0,1.108564,0.014198
280.206728,14.657006,5.666661,0.039178,0,1.108564,0.014204
280.453275,14.657006,5.666661,0.039178,0,1.108564,0.014232
280.699835,14.657006,5.666661,0.039178,0,1.108564,0.01423
280.946653,14.657006,5.666661,0.039178,0,1.108564,0.014175
281.193577,14.657006,5.666661,0.039178,0,1.108564,0.014216
281.440079,14.657006,5.666661,0.039178,0,1.108564,0.014186
281.68673,14.657006,5.666661,0.039178,0,1.108564,0.014198
281.933195,14.657006,5.666661,0.039178,0,1.108564,0.014195
282.179673,14.657006,5.666661,0.039178,0,1.108564,0.014191
282.426133,14.657006,5.666661,0.039178,0,1.108564,0.014194
282.672556,14.657006,5.666661,0.039178,0,1.108564,0.014196
282.918983,14.657006,5.666661,0.039178,0,1.108564,0.014191
283.165433,14.657006,5.666661,0.039178,0,1.108564,0.014187
283.41185,14.657006,5.666661,0.039178,0,1.108564,0.014191
283.658219,14.657006,5.666661,0.039178,0,1.108564,0.014188
283.904599,14.657006,5.666661,0.039178,0,1.108564,0.014201
284.150961,14.657006,5.666661,0.039178,0,1.108564,0.014177
284.397427,14.657006,5.666661,0.039178,0,1.108564,0.014209
284.643739,14.657006,5.666661,0.039178,0,1.108564,0.01419
284.890255,14.657006,5.666661,0.039178,0,1.108564,0.014181
285.136708,14.657006,5.666661,0.039178,0,1.108564,0.014177
285.383055,14.657006,5.666661,0.039178,0,1.108564,0.014199
285.629318,14.657006,5.666661,0.039178,0,1.108564,0.014175
285.875729,14.657006,5.666661,0.039178,0,1.108564,0.014177
286.12201,14.657006,5.666661,0.039178,0,1.108564,0.014191
286.368247,14.657006,5.666661,0.039178,0,1.108564,0.014173
286.614578,14.657006,5.666661,0.039178,0,1.108564,0.014175
286.860801,14.657006,5.666661,0.039178,0,1.108564,0.01418
287.106989,14.657006,5.666661,0.039178,0,1.108564,0.01417
287.353212,14.657006,5.666661,0.039178,0,1.108564,0.014173
287.599364,14.657006,5.666661,0.039178,0,1.108564,0.014188
287.845505,14.657006,5.666661,0.039178,0,1.108564,0.014173
288.091774,14.657006,5.666661,0.039178,0,1.108564,0.014163
288.337984,14.657006,5.666661,0.039178,0,1.108564,0.01417
288.584076,14.657006,5.666661,0.039178,0,1.108564,0.014166
288.830172,14.657006,5.666661,0.039178,0,1.108564,0.014168
289.076238,14.657006,5.666661,0.039178,0,1.108564,0.014176
289.322309,14.657006,5.666661,0.039178,0,1.108564,0.014183
289.568455,14.657006,5.666661,0.039178,0,1.108564,0.014153
289.814699,14.657006,5.666661,0.039178,0,1.108564,0.014167
290.060734,14.657006,5.666661,0.039178,0,1.108564,0.014158
290.306784,14.657006,5.666661,0.039178,0,1.108564,0.014167
290.552766,14.657006,5.666661,0.039178,0,1.108564,0.014156
290.798792,14.657006,5.666661,0.039178,0,1.108564,0.014162
291.044746,14.657006,5.666661,0.039178,0,1.108564,0.014157
291.290716,14.657006,5.666661,0.039178,0,1.108564,0.014179
291.536654,14.657006,5.666661,0.039178,0,1.108564,0.014154
291.782765,14.657006,5.666661,0.039178,0,1.108564,0.014152
292.028756,14.657006,5.666661,0.039178,0,1.108564,0.014152
292.274669,14.657006,5.666661,0.039178,0,1.108564,0.014159
292.520541,14.657006,5.666661,0.039178,0,1.108564,0.014149
292.766461,14.657006,5.666661,0.039178,0,1.108564,0.01415
293.012313,14.657006,5.666661,0.039178,0,1.108564,0.014166
293.258148,14.657006,5.666661,0.039178,0,1.108564,0.014144
293.504111,14.657006,5.666661,0.039178,0,1.108564,0.014148
293.74995,14.657006,5.666661,0.039178,0,1.108564,0.014145
293.99576,14.657006,5.666661,0.039178,0,1.108564,0.014146
294.241536,14.657006,5.666661,0.039178,0,1.108564,0.014148
294.487307,14.657006,5.666661,0.039178,0,1.108564,0.014142
294.733091,14.657006,5.666661,0.039178,0,1.108564,0.014146
294.978827,14.657006,5.666661,0.039178,0,1.108564,0.014157
295.224579,14.657006,5.666661,0.039178,0,1.108564,0.014188
295.470435,14.657006,5.666661,0.039178,0,1.108564,0.014116
295.716613,14.657006,5.666661,0.039178,0,1.108564,0.014137
295.962332,14.657006,5.666661,0.039178,0,1.108564,0.014152
296.208003,14.657006,5.666661,0.039178,0,1.108564,0.014134
296.453781,14.657006,5.666661,0.039178,0,1.108564,0.014137
296.699462,14.657006,5.666661,0.039178,0,1.108564,0.014145
296.945121,14.657006,5.666661,0.039178,0,1.108564,0.01413
297.190838,14.657006,5.666661,0.039178,0,1.108564,0.014139
297.43646,14.657006,5.666661,0.039178,0,1.108564,0.01414
297.682112,14.657006,5.666661,0.039178,0,1.108564,0.014128
297.927787,14.657006,5.666661,0.039178,0,1.108564,0.014148
298.173372,14.657006,5.666661,0.039178,0,1.108564,0.014125
298.616615,14.657006,5.666661,0.039178,0,1.108564,0.014131
