Altitude ,density 
0,1.225
0,1.225
6.07E-05,1.225
6.91E-04,1.225
0.003,1.225
0.007,1.225
0.014,1.225
0.024,1.225
0.04,1.225
0.06,1.225
0.086,1.225
0.119,1.225
0.143,1.225
0.183,1.225
0.236,1.225
0.297,1.225
0.365,1.225
0.442,1.225
0.527,1.225
0.619,1.225
0.72,1.225
0.828,1.225
0.945,1.225
1.069,1.225
1.202,1.225
1.342,1.225
1.49,1.225
1.646,1.225
1.81,1.225
1.982,1.225
2.162,1.225
2.349,1.225
2.545,1.225
2.748,1.225
2.959,1.225
3.178,1.225
3.268,1.225
3.405,1.225
3.616,1.225
3.858,1.225
4.107,1.225
4.365,1.225
4.63,1.224
5.042,1.224
5.695,1.224
6.748,1.224
8.473,1.224
10.397,1.224
10.672,1.224
11.091,1.224
11.735,1.224
12.736,1.224
14.315,1.223
16.794,1.223
19.474,1.223
22.46,1.222
25.551,1.222
28.843,1.222
32.336,1.221
36.03,1.221
38.577,1.221
42.56,1.22
46.782,1.22
51.201,1.219
55.817,1.219
59.02,1.218
63.963,1.218
69.103,1.217
74.438,1.216
79.969,1.216
83.842,1.215
89.701,1.215
95.755,1.214
102.005,1.213
108.45,1.213
112.811,1.212
119.512,1.211
126.475,1.211
133.634,1.21
140.989,1.209
146.027,1.208
153.709,1.207
161.587,1.206
169.66,1.206
177.929,1.205
183.663,1.204
192.259,1.203
201.048,1.202
210.03,1.201
219.201,1.2
225.357,1.199
234.744,1.198
244.411,1.197
254.259,1.196
264.288,1.195
271.106,1.194
281.429,1.193
291.926,1.191
302.593,1.19
313.428,1.189
320.89,1.188
332.002,1.187
343.274,1.186
354.706,1.184
366.294,1.183
374.027,1.182
385.751,1.181
397.743,1.179
409.883,1.178
422.168,1.176
430.479,1.175
443,1.174
455.661,1.172
468.457,1.171
481.386,1.169
490.252,1.168
503.399,1.167
516.673,1.165
530.071,1.164
543.59,1.162
552.579,1.161
566.158,1.16
579.983,1.158
593.91,1.157
607.93,1.155
617.37,1.154
631.526,1.153
645.748,1.151
660.024,1.15
674.344,1.148
684.099,1.147
698.465,1.145
712.847,1.144
727.24,1.142
741.638,1.141
751.14,1.139
765.388,1.138
779.772,1.136
794.146,1.135
808.506,1.133
818.118,1.132
832.45,1.13
846.762,1.129
861.051,1.127
875.314,1.126
884.997,1.125
899.211,1.123
913.393,1.121
927.542,1.12
941.654,1.118
950.947,1.117
964.855,1.116
978.863,1.114
992.829,1.112
1006.753,1.111
1016.058,1.11
1029.908,1.108
1043.714,1.107
1057.477,1.106
1071.194,1.104
1080.497,1.103
1094.141,1.102
1107.737,1.1
1121.282,1.099
1134.772,1.097
,
,
1143.645,1.096
1156.906,1.095
1170.241,1.094
1183.518,1.092
1196.736,1.091
1209.896,1.089
1222.999,1.088
1236.044,1.087
1249.033,1.085
1261.965,1.084
1274.84,1.082
1287.66,1.081
1300.425,1.08
1313.134,1.078
1325.789,1.077
1338.389,1.076
1350.935,1.074
1363.428,1.073
1375.867,1.071
1388.253,1.07
1400.586,1.069
1412.867,1.067
1425.096,1.066
1437.272,1.065
1449.397,1.064
1461.471,1.062
1473.494,1.061
1485.467,1.06
1497.388,1.058
1509.26,1.057
1521.082,1.056
1532.854,1.055
1544.577,1.054
1556.251,1.052
1567.876,1.051
1579.453,1.05
1590.981,1.049
1602.461,1.048
1613.894,1.046
1625.278,1.045
1636.616,1.044
1647.906,1.043
1659.15,1.042
1670.347,1.041
1681.498,1.039
1692.602,1.038
1703.66,1.037
1714.673,1.036
1725.64,1.035
1736.562,1.034
1747.439,1.033
1758.271,1.032
1769.059,1.03
1779.802,1.029
1790.5,1.028
1801.155,1.027
1811.765,1.026
1822.332,1.025
1832.856,1.024
1843.336,1.023
1853.774,1.022
1864.168,1.021
1874.519,1.02
1884.828,1.018
1895.095,1.017
1905.32,1.016
1915.502,1.015
1925.643,1.014
1935.742,1.013
1945.799,1.012
1955.816,1.011
1965.791,1.01
1975.725,1.009
1985.618,1.008
1995.471,1.007
2005.283,1.006
2015.055,1.005
2024.786,1.004
2034.478,1.003
2044.129,1.002
2053.741,1.001
2063.314,1
2072.847,0.999
2082.34,0.998
2091.795,0.997
2101.21,0.997
2110.587,0.996
2119.925,0.995
2129.224,0.994
2138.485,0.993
2147.708,0.992
2156.892,0.991
2166.039,0.99
2175.147,0.989
2184.218,0.988
2193.251,0.987
2202.247,0.987
2211.205,0.986
2220.126,0.985
2229.01,0.984
2237.856,0.983
2246.666,0.982
2255.44,0.981
2264.176,0.98
2272.876,0.98
2281.54,0.979
2290.167,0.978
2298.758,0.977
2307.313,0.976
2315.832,0.975
2324.315,0.974
2332.763,0.974
2341.175,0.973
2349.551,0.972
2357.892,0.971
2366.198,0.97
2374.468,0.969
2382.703,0.969
2390.904,0.968
2399.069,0.967
2407.2,0.966
2415.296,0.965
2423.358,0.965
2431.385,0.964
2439.377,0.963
2447.336,0.962
2455.26,0.961
2463.15,0.961
2471.006,0.96
2478.828,0.959
2486.616,0.958
2494.371,0.957
2502.092,0.957
2509.78,0.956
2517.434,0.955
2525.054,0.954
2532.642,0.954
2540.196,0.953
2547.717,0.952
2555.205,0.952
2562.661,0.951
2570.083,0.95
2577.473,0.95
2584.829,0.949
2592.154,0.948
2599.446,0.947
2606.705,0.947
2613.932,0.946
2621.127,0.945
2628.289,0.945
2635.42,0.944
2642.518,0.943
2649.585,0.943
2656.619,0.942
2663.622,0.941
2670.593,0.941
2677.532,0.94
2684.44,0.939
2691.316,0.939
2698.161,0.938
2704.974,0.937
2711.757,0.937
2718.507,0.936
2725.227,0.935
2731.916,0.935
2738.573,0.934
2745.2,0.934
2751.795,0.933
2758.36,0.932
2764.894,0.932
2771.398,0.931
2777.87,0.93
2784.313,0.93
2790.724,0.929
2797.105,0.929
2803.456,0.928
2809.777,0.927
2816.067,0.927
2822.327,0.926
2828.557,0.926
2834.757,0.925
2840.927,0.924
2847.067,0.924
2853.176,0.923
2859.257,0.923
2865.307,0.922
2871.327,0.922
2877.318,0.921
2883.28,0.92
2889.211,0.92
2895.114,0.919
2900.987,0.919
2906.83,0.918
2912.644,0.918
2918.429,0.917
2924.184,0.916
2929.911,0.916
2935.608,0.915
2941.276,0.915
2946.915,0.914
2952.525,0.914
2958.106,0.913
2963.659,0.913
2969.182,0.912
2974.677,0.912
2980.143,0.911
2985.58,0.911
2990.989,0.91
2996.369,0.909
3001.72,0.909
3007.044,0.908
3012.338,0.908
3017.604,0.908
3022.842,0.907
3028.052,0.907
3033.233,0.906
3038.386,0.906
3043.511,0.905
3048.607,0.905
3053.676,0.904
3058.717,0.904
3063.729,0.903
3068.714,0.903
3073.67,0.902
3078.599,0.902
3083.5,0.902
3088.373,0.901
3093.219,0.901
3098.036,0.9
3102.826,0.9
3107.589,0.899
3112.323,0.899
3117.031,0.898
3121.71,0.898
3126.362,0.898
3130.987,0.897
3135.584,0.897
3140.154,0.896
3144.697,0.896
3149.212,0.896
3153.7,0.895
3158.161,0.895
3162.594,0.894
3167.001,0.894
3171.38,0.894
3175.732,0.893
3180.057,0.893
3184.356,0.892
3188.627,0.892
3192.871,0.892
3197.088,0.891
3201.278,0.891
3205.442,0.89
3209.579,0.89
3213.689,0.89
3217.772,0.889
3221.828,0.889
3225.858,0.889
3229.861,0.888
3233.837,0.888
3237.787,0.887
3241.71,0.887
3245.607,0.887
3249.477,0.886
3253.32,0.886
3257.138,0.886
3260.928,0.885
3264.693,0.885
3268.431,0.885
3272.142,0.884
3275.828,0.884
3279.487,0.884
3283.119,0.883
3286.726,0.883
3290.306,0.883
3293.86,0.882
3297.388,0.882
3300.89,0.882
3304.366,0.881
3307.815,0.881
3311.239,0.881
3314.637,0.88
3318.008,0.88
3321.354,0.88
3324.673,0.879
3327.967,0.879
3331.235,0.879
3334.477,0.879
3337.693,0.878
3340.883,0.878
3344.047,0.878
3347.186,0.877
3350.299,0.877
3353.386,0.877
3356.447,0.877
3359.483,0.876
3362.492,0.876
3365.477,0.876
3368.435,0.875
3371.368,0.875
3374.276,0.875
3377.158,0.875
3380.014,0.874
3382.845,0.874
3385.65,0.874
3388.43,0.874
3391.184,0.873
3393.913,0.873
3396.616,0.873
3399.294,0.873
3401.946,0.872
3404.573,0.872
3407.175,0.872
3409.751,0.872
3412.302,0.871
3414.828,0.871
3417.329,0.871
3419.804,0.871
3422.254,0.87
3424.678,0.87
3427.077,0.87
3429.452,0.87
3431.8,0.87
3434.124,0.869
3436.423,0.869
3438.696,0.869
3440.944,0.869
3443.167,0.869
3445.365,0.868
3447.538,0.868
3449.686,0.868
3451.808,0.868
3453.906,0.868
3455.979,0.867
3458.026,0.867
3460.049,0.867
3462.046,0.867
3464.018,0.867
3465.966,0.866
3467.888,0.866
3469.786,0.866
3471.659,0.866
3473.506,0.866
3475.329,0.866
3477.127,0.865
3478.9,0.865
3480.648,0.865
3482.371,0.865
3484.069,0.865
3485.743,0.865
3487.391,0.864
3489.015,0.864
3490.614,0.864
3492.188,0.864
3493.737,0.864
3495.262,0.864
3496.762,0.864
3498.237,0.863
3499.687,0.863
3501.112,0.863
3502.513,0.863
3503.889,0.863
3505.24,0.863
3506.567,0.863
3507.869,0.863
3509.146,0.862
3510.398,0.862
3511.626,0.862
3512.829,0.862
3514.008,0.862
3515.162,0.862
3516.291,0.862
3517.395,0.862
3518.475,0.862
3519.53,0.862
3520.561,0.861
3521.567,0.861
3522.548,0.861
3523.505,0.861
3524.438,0.861
3525.345,0.861
3526.228,0.861
3527.087,0.861
3527.921,0.861
3528.73,0.861
3529.515,0.861
3530.275,0.861
3531.011,0.861
3531.722,0.86
3532.409,0.86
3533.071,0.86
3533.709,0.86
3534.322,0.86
3534.91,0.86
3535.475,0.86
3536.014,0.86
3536.529,0.86
3537.02,0.86
3537.486,0.86
3537.928,0.86
3538.345,0.86
3538.737,0.86
3539.106,0.86
3539.449,0.86
3539.768,0.86
3540.063,0.86
3540.334,0.86
3540.579,0.86
3540.801,0.86
3540.998,0.86
3541.17,0.86
3541.318,0.86
3541.442,0.86
3541.541,0.86
3541.615,0.86
3541.665,0.86
3541.691,0.86
3541.692,0.86
3541.669,0.86
3541.546,0.86
3541.319,0.86
3540.99,0.86
3540.556,0.86
3540.015,0.86
3539.367,0.86
3538.608,0.86
3537.735,0.86
3536.744,0.86
3535.633,0.86
3534.394,0.86
3533.024,0.86
3531.515,0.86
3529.861,0.861
3528.051,0.861
3526.078,0.861
3523.928,0.861
3521.589,0.861
3519.047,0.862
3516.282,0.862
3513.274,0.862
3509.998,0.862
3506.426,0.863
3502.521,0.863
3498.24,0.863
3493.532,0.864
3488.329,0.864
3482.548,0.865
3476.081,0.865
3468.782,0.866
3460.456,0.867
3450.823,0.868
3439.465,0.869
3425.724,0.87
3408.458,0.872
3390.408,0.873
3372.013,0.875
3353.358,0.877
3334.509,0.879
3315.519,0.88
3296.425,0.882
3277.26,0.884
3258.044,0.886
3238.797,0.887
3219.529,0.889
3200.252,0.891
3180.973,0.893
3161.696,0.894
3142.427,0.896
3123.167,0.898
3103.92,0.9
3084.687,0.901
3065.469,0.903
3046.268,0.905
3027.082,0.907
3007.914,0.908
2988.764,0.91
2969.631,0.912
2950.516,0.914
2931.42,0.916
2912.342,0.918
2893.283,0.919
2874.243,0.921
2855.222,0.923
2836.219,0.925
2817.236,0.927
2798.271,0.929
2779.324,0.93
2760.397,0.932
2741.488,0.934
2722.597,0.936
2703.725,0.938
2684.872,0.939
2666.036,0.941
2647.219,0.943
2628.42,0.945
2609.638,0.946
2590.875,0.948
2572.13,0.95
2553.402,0.952
2534.692,0.954
2515.999,0.955
2497.324,0.957
2478.667,0.959
2460.027,0.961
2441.404,0.963
2422.8,0.965
2404.213,0.966
2385.644,0.968
2367.093,0.97
2348.56,0.972
2330.045,0.974
2311.547,0.976
2293.067,0.978
2274.604,0.979
2256.159,0.981
2237.732,0.983
2219.321,0.985
2200.928,0.987
2182.553,0.989
2164.194,0.99
2145.852,0.992
2127.528,0.994
2109.22,0.996
2090.929,0.998
2072.655,0.999
2054.397,1.001
2036.156,1.003
2017.932,1.005
1999.723,1.007
1981.532,1.008
1963.357,1.01
1945.198,1.012
1927.056,1.014
1908.931,1.016
1890.822,1.018
1872.731,1.02
1854.656,1.022
1836.597,1.023
1818.556,1.025
1800.531,1.027
1782.522,1.029
1764.53,1.031
1746.554,1.033
1728.595,1.035
1710.652,1.036
1692.725,1.038
1674.814,1.04
1656.919,1.042
1639.041,1.044
1621.178,1.046
1603.331,1.048
1585.499,1.049
1567.684,1.051
1549.884,1.053
1532.099,1.055
1514.331,1.057
1496.577,1.058
1478.839,1.06
1461.116,1.062
1443.409,1.064
1425.718,1.066
1408.042,1.068
1390.382,1.07
1372.738,1.072
1355.11,1.074
1337.497,1.076
1319.9,1.078
1302.319,1.079
1284.753,1.081
1267.202,1.083
1249.667,1.085
1232.148,1.087
1214.643,1.089
1197.154,1.091
1179.68,1.093
1162.221,1.094
1144.777,1.096
1127.348,1.098
1109.934,1.1
1092.535,1.102
1075.15,1.104
1057.781,1.106
1040.426,1.107
1023.085,1.109
1005.759,1.111
988.448,1.113
,
,
988.413,1.113
988.248,1.113
988.078,1.113
987.902,1.113
987.72,1.113
987.532,1.113
987.336,1.113
987.133,1.113
986.921,1.113
986.701,1.113
986.47,1.113
986.229,1.113
985.975,1.113
985.708,1.113
985.425,1.113
985.125,1.113
984.806,1.113
984.463,1.113
984.094,1.113
983.693,1.113
983.253,1.114
982.763,1.114
982.211,1.114
981.574,1.114
980.813,1.114
979.859,1.114
978.544,1.114
976.312,1.114
973.598,1.115
970.839,1.115
968.081,1.115
965.323,1.116
962.566,1.116
959.81,1.116
957.055,1.116
954.3,1.117
951.546,1.117
948.793,1.117
946.041,1.118
943.29,1.118
940.539,1.118
937.789,1.119
935.04,1.119
932.291,1.119
929.543,1.12
926.796,1.12
924.05,1.12
921.305,1.12
918.56,1.121
915.816,1.121
913.073,1.121
910.33,1.122
907.589,1.122
904.848,1.122
902.107,1.123
899.368,1.123
896.629,1.123
893.891,1.124
891.154,1.124
888.418,1.124
885.682,1.124
882.947,1.125
880.213,1.125
877.479,1.125
874.746,1.126
872.014,1.126
869.283,1.126
866.553,1.127
863.823,1.127
861.094,1.127
858.365,1.128
855.638,1.128
852.911,1.128
850.185,1.128
847.46,1.129
844.735,1.129
842.011,1.129
839.288,1.13
836.566,1.13
833.844,1.13
831.123,1.131
828.403,1.131
825.683,1.131
822.964,1.131
820.246,1.132
817.529,1.132
814.813,1.132
812.097,1.133
809.382,1.133
806.667,1.133
803.953,1.134
801.241,1.134
798.528,1.134
795.817,1.135
793.106,1.135
790.396,1.135
787.687,1.135
784.978,1.136
782.27,1.136
779.563,1.136
776.856,1.137
774.151,1.137
771.446,1.137
768.741,1.138
766.038,1.138
763.335,1.138
760.633,1.138
757.931,1.139
755.231,1.139
752.531,1.139
749.831,1.14
747.133,1.14
744.435,1.14
741.738,1.141
739.041,1.141
736.345,1.141
733.65,1.141
730.956,1.142
728.262,1.142
725.569,1.142
722.877,1.143
720.186,1.143
717.495,1.143
714.805,1.144
712.115,1.144
709.427,1.144
706.739,1.144
704.051,1.145
701.365,1.145
698.679,1.145
695.993,1.146
693.309,1.146
690.625,1.146
687.942,1.147
685.26,1.147
682.578,1.147
679.897,1.147
677.217,1.148
674.537,1.148
671.858,1.148
669.18,1.149
666.502,1.149
663.825,1.149
661.149,1.149
658.474,1.15
655.799,1.15
653.125,1.15
650.451,1.151
647.779,1.151
645.106,1.151
642.435,1.152
639.764,1.152
637.094,1.152
634.425,1.152
631.757,1.153
629.089,1.153
626.421,1.153
623.755,1.154
621.089,1.154
618.424,1.154
615.759,1.155
613.095,1.155
610.432,1.155
607.77,1.155
605.108,1.156
602.447,1.156
599.786,1.156
597.126,1.157
594.467,1.157
591.809,1.157
589.151,1.157
586.494,1.158
583.838,1.158
581.182,1.158
578.527,1.159
575.872,1.159
573.219,1.159
570.566,1.159
567.913,1.16
565.262,1.16
562.611,1.16
559.96,1.161
557.31,1.161
554.661,1.161
552.013,1.162
549.365,1.162
546.718,1.162
544.072,1.162
541.426,1.163
538.781,1.163
536.137,1.163
533.493,1.164
530.85,1.164
528.207,1.164
525.566,1.164
522.925,1.165
520.284,1.165
517.644,1.165
515.005,1.166
512.367,1.166
509.729,1.166
507.092,1.166
504.455,1.167
501.82,1.167
499.184,1.167
496.55,1.168
493.916,1.168
491.283,1.168
488.651,1.169
486.019,1.169
483.388,1.169
480.758,1.17
478.128,1.17
475.499,1.17
472.871,1.17
470.243,1.171
467.616,1.171
464.99,1.171
462.364,1.172
459.74,1.172
457.115,1.172
454.492,1.173
451.869,1.173
449.247,1.173
446.626,1.173
444.005,1.174
441.385,1.174
438.766,1.174
436.147,1.175
433.529,1.175
430.911,1.175
428.295,1.176
425.679,1.176
423.064,1.176
420.449,1.177
417.835,1.177
415.222,1.177
412.609,1.177
409.997,1.178
407.386,1.178
404.775,1.178
402.165,1.179
399.556,1.179
396.948,1.179
394.34,1.18
391.733,1.18
389.126,1.18
386.52,1.18
383.915,1.181
381.31,1.181
378.706,1.181
376.103,1.182
373.501,1.182
370.899,1.182
368.298,1.183
365.697,1.183
363.097,1.183
360.498,1.184
357.899,1.184
355.301,1.184
352.704,1.184
350.108,1.185
347.512,1.185
344.916,1.185
342.322,1.186
339.728,1.186
337.135,1.186
334.542,1.187
331.95,1.187
329.359,1.187
326.768,1.187
324.178,1.188
321.589,1.188
319,1.188
316.412,1.189
313.824,1.189
311.238,1.189
308.652,1.19
306.066,1.19
303.481,1.19
300.897,1.19
298.314,1.191
295.731,1.191
293.149,1.191
290.567,1.192
287.986,1.192
285.406,1.192
282.826,1.193
280.247,1.193
277.669,1.193
275.091,1.193
272.514,1.194
269.938,1.194
267.362,1.194
264.787,1.195
262.213,1.195
259.639,1.195
257.066,1.195
254.493,1.196
251.921,1.196
249.35,1.196
246.779,1.197
244.209,1.197
241.64,1.197
239.071,1.198
236.503,1.198
233.936,1.198
231.369,1.198
228.803,1.199
226.237,1.199
223.672,1.199
221.108,1.2
218.544,1.2
215.981,1.2
213.419,1.201
210.857,1.201
208.296,1.201
205.736,1.201
203.176,1.202
200.617,1.202
198.058,1.202
195.5,1.203
192.943,1.203
190.386,1.203
187.83,1.203
185.274,1.204
182.719,1.204
180.165,1.204
177.612,1.205
175.059,1.205
172.506,1.205
169.955,1.206
167.403,1.206
164.853,1.206
162.303,1.206
159.754,1.207
157.205,1.207
154.657,1.207
152.11,1.208
149.563,1.208
147.017,1.208
144.471,1.208
141.926,1.209
139.382,1.209
136.838,1.209
134.295,1.21
131.753,1.21
129.211,1.21
126.67,1.21
124.129,1.211
121.589,1.211
119.05,1.211
116.511,1.212
113.973,1.212
111.435,1.212
108.898,1.213
106.362,1.213
103.826,1.213
101.291,1.213
98.756,1.214
96.222,1.214
93.689,1.214
91.156,1.215
88.624,1.215
86.093,1.215
83.562,1.215
81.031,1.216
78.502,1.216
75.973,1.216
73.444,1.217
70.916,1.217
68.389,1.217
65.862,1.217
63.336,1.218
60.811,1.218
58.286,1.218
55.761,1.219
53.238,1.219
50.715,1.219
48.192,1.219
45.67,1.22
43.149,1.22
40.628,1.22
38.108,1.221
35.589,1.221
33.07,1.221
30.551,1.222
28.034,1.222
25.517,1.222
23,1.222
20.484,1.223
17.969,1.223
15.454,1.223
12.94,1.224
10.426,1.224
7.913,1.224
5.401,1.224
2.889,1.225
0,1.225
