 Time ,Dc
0,1.038104
0.01,1.038104
0.02,1.038104
0.03,1.038104
0.04,1.038104
0.05,1.038104
0.055,1.038104
0.0625,1.038113
0.0725,0.680861
0.0825,0.53385
0.092,0.46574
0.1,0.427146
0.11,0.395071
0.12,0.374559
0.13,0.35976
0.14,0.348315
0.15,0.339053
0.16,0.331523
0.17,0.325404
0.18,0.320314
0.189346,0.316268
0.2,0.31231
0.207914,0.309687
0.215396,0.307365
0.222508,0.305285
0.233177,0.302371
0.24918,0.298401
0.273184,0.293179
0.309191,0.286599
0.359191,0.279228
0.409191,0.273281
0.459191,0.268342
0.5,0.264946
0.55,0.265179
0.6,0.265438
0.65,0.265725
0.7,0.26604
0.75,0.266384
0.8,0.266759
0.85,0.267165
0.9,0.267602
0.95,0.268072
1,0.268575
1.05,0.269112
1.1,0.26968
1.15,0.27028
1.2,0.270913
1.25,0.271578
1.3,0.272277
1.35,0.27301
1.4,0.273778
1.45,0.27458
1.5,0.275419
1.55,0.276293
1.6,0.2772
1.65,0.278142
1.7,0.279118
1.75,0.28013
1.8,0.281178
1.85,0.282264
1.9,0.283387
1.95,0.284549
2,0.285751
2.05,0.286994
2.1,0.288276
2.15,0.289599
2.2,0.290966
2.25,0.292377
2.3,0.293836
2.35,0.295344
2.4,0.296906
2.45,0.298525
2.5,0.300205
2.55,0.301956
2.6,0.303788
2.65,0.30571
2.7,0.307733
2.75,0.309869
2.8,0.312135
2.85,0.314551
2.9,0.31714
2.95,0.319914
3,0.322886
3.05,0.325866
3.1,0.328577
3.15,0.330914
3.2,0.331802
3.25,0.331626
3.3,0.331545
3.35,0.331532
3.4,0.331563
3.45,0.331625
3.5,0.331704
3.55,0.3318
3.6,0.331914
3.65,0.331086
3.7,0.330125
3.75,0.329094
3.8,0.328001
3.85,0.326856
3.9,0.325666
3.95,0.324485
4,0.32336
4.05,0.322285
4.1,0.321257
4.15,0.320272
4.2,0.319326
4.25,0.318416
4.3,0.31754
4.35,0.316696
4.4,0.31588
4.45,0.315092
4.5,0.31433
4.55,0.313592
4.6,0.312876
4.65,0.312182
4.7,0.311508
4.75,0.310852
4.8,0.310215
4.85,0.309595
4.9,0.308991
4.95,0.308402
5,0.307828
5.05,0.307268
5.1,0.306722
5.15,0.306188
5.2,0.305666
5.25,0.305156
5.3,0.304657
5.35,0.304169
5.4,0.303691
5.45,0.303222
5.5,0.302764
5.55,0.302314
5.6,0.301874
5.65,0.301442
5.7,0.301018
5.75,0.300602
5.8,0.300193
5.85,0.299792
5.9,0.299398
5.95,0.299011
6,0.298631
6.05,0.298257
6.1,0.29789
6.15,0.297528
6.2,0.297173
6.25,0.296823
6.3,0.296479
6.35,0.29614
6.4,0.295807
6.45,0.295478
6.5,0.295155
6.55,0.294836
6.6,0.294522
6.65,0.294213
6.7,0.293908
6.75,0.293608
6.8,0.293312
6.85,0.29302
6.9,0.292732
6.95,0.292448
7,0.292167
7.05,0.291891
7.1,0.291618
7.15,0.291349
7.2,0.291083
7.25,0.290821
7.3,0.290562
7.35,0.290307
7.4,0.290054
7.45,0.289805
7.5,0.289559
7.55,0.289316
7.6,0.289076
7.65,0.288838
7.7,0.288604
7.75,0.288372
7.8,0.288143
7.85,0.287917
7.9,0.287693
7.95,0.287472
8,0.287253
8.05,0.287037
8.1,0.286823
8.15,0.286612
8.2,0.286403
8.25,0.286196
8.3,0.285992
8.35,0.285789
8.4,0.285589
8.45,0.285391
8.5,0.285195
8.55,0.285002
8.6,0.28481
8.65,0.28462
8.7,0.284432
8.75,0.284246
8.8,0.284062
8.85,0.28388
8.9,0.2837
8.95,0.283522
9,0.283345
9.05,0.28317
9.1,0.282997
9.15,0.282825
9.2,0.282655
9.25,0.282487
9.3,0.282321
9.35,0.282156
9.4,0.281992
9.45,0.28183
9.5,0.28167
9.55,0.281511
9.6,0.281354
9.65,0.281198
9.7,0.281044
9.75,0.280891
9.8,0.280739
9.85,0.280589
9.9,0.28044
9.95,0.280293
10,0.280147
10.05,0.280002
10.1,0.279858
10.15,0.279716
10.2,0.279575
10.25,0.279435
10.3,0.279296
10.35,0.279159
10.4,0.279023
10.45,0.278888
10.5,0.278754
10.55,0.278621
10.6,0.27849
10.65,0.27836
10.7,0.27823
10.75,0.278102
10.8,0.277975
10.85,0.277849
10.9,0.277724
10.95,0.2776
11,0.277477
11.05,0.277355
11.1,0.277234
11.15,0.277114
11.2,0.276995
11.25,0.276878
11.3,0.276761
11.35,0.276645
11.4,0.276529
11.45,0.276415
11.5,0.276302
11.55,0.27619
11.6,0.276078
11.65,0.275968
11.7,0.275858
11.75,0.275749
11.8,0.275642
11.85,0.275535
11.9,0.275428
11.95,0.275323
12,0.275218
12.05,0.275115
12.1,0.275012
12.15,0.27491
12.2,0.274808
12.25,0.274708
12.3,0.274608
12.35,0.274509
12.4,0.274411
12.45,0.274314
12.5,0.274217
12.55,0.274121
12.6,0.274026
12.65,0.273931
12.7,0.273837
12.75,0.273744
12.8,0.273652
12.85,0.27356
12.9,0.273469
12.95,0.273379
13,0.27329
13.05,0.273201
13.1,0.273112
13.15,0.273025
13.2,0.272938
13.25,0.272852
13.3,0.272766
13.35,0.272681
13.4,0.272597
13.45,0.272513
13.5,0.27243
13.55,0.272347
13.6,0.272266
13.65,0.272184
13.7,0.272104
13.75,0.272024
13.8,0.271944
13.85,0.271865
13.9,0.271787
13.95,0.271709
14,0.271632
14.05,0.271556
14.1,0.27148
14.15,0.271404
14.2,0.271329
14.25,0.271255
14.3,0.271181
14.35,0.271108
14.4,0.271035
14.45,0.270963
14.5,0.270891
14.55,0.27082
14.6,0.27075
14.65,0.27068
14.7,0.27061
14.75,0.270541
14.8,0.270472
14.85,0.270404
14.9,0.270337
14.95,0.27027
15,0.270203
15.05,0.270137
15.1,0.270072
15.15,0.270007
15.2,0.269942
15.25,0.269878
15.3,0.269814
15.35,0.269751
15.4,0.269688
15.45,0.269626
15.5,0.269564
15.55,0.269503
15.6,0.269442
15.65,0.269381
15.7,0.269321
15.75,0.269262
15.8,0.269203
15.85,0.269144
15.9,0.269086
15.95,0.269028
16,0.268971
16.05,0.268914
16.1,0.268857
16.15,0.268801
16.2,0.268745
16.25,0.26869
16.3,0.268635
16.35,0.268581
16.4,0.268527
16.45,0.268473
16.5,0.26842
16.55,0.268367
16.6,0.268315
16.65,0.268263
16.7,0.268211
16.75,0.26816
16.8,0.268109
16.85,0.268059
16.9,0.268009
16.95,0.267959
17,0.26791
17.05,0.267861
17.1,0.267812
17.15,0.267764
17.2,0.267716
17.25,0.267669
17.3,0.267622
17.35,0.267575
17.4,0.267529
17.45,0.267483
17.5,0.267437
17.55,0.267392
17.6,0.267347
17.65,0.267303
17.7,0.267259
17.75,0.267215
17.8,0.267171
17.85,0.267128
17.9,0.267086
17.95,0.267043
18,0.267001
18.05,0.266959
18.1,0.266918
18.15,0.266877
18.2,0.266836
18.25,0.266796
18.3,0.266756
18.35,0.266716
18.4,0.266677
18.45,0.266638
18.5,0.266599
18.55,0.266561
18.6,0.266523
18.65,0.266485
18.7,0.266448
18.75,0.266411
18.8,0.266374
18.85,0.266337
18.9,0.266301
18.95,0.266266
19,0.26623
19.05,0.266195
19.1,0.26616
19.15,0.266125
19.2,0.266091
19.25,0.266057
19.3,0.266024
19.35,0.26599
19.4,0.265957
19.45,0.265925
19.5,0.265892
19.55,0.26586
19.6,0.265828
19.65,0.265797
19.7,0.265766
19.75,0.265735
19.8,0.265704
19.85,0.265674
19.9,0.265644
19.95,0.265661
20,0.265966
20.05,0.266275
20.1,0.266588
20.15,0.266905
20.2,0.267227
20.25,0.267553
20.3,0.267883
20.35,0.268217
20.4,0.268557
20.45,0.268901
20.5,0.269249
20.55,0.269603
20.6,0.269961
20.65,0.270325
20.7,0.270694
20.75,0.271068
20.8,0.271448
20.85,0.271833
20.9,0.272224
20.95,0.272621
21,0.273024
21.05,0.273433
21.1,0.273848
21.15,0.27427
21.2,0.274699
21.25,0.275134
21.3,0.275576
21.35,0.276026
21.4,0.276483
21.45,0.276948
21.5,0.27742
21.55,0.277901
21.6,0.27839
21.65,0.278887
21.7,0.279393
21.75,0.279908
21.8,0.280433
21.85,0.280967
21.9,0.281511
21.95,0.282065
22,0.28263
22.05,0.283206
22.1,0.283793
22.15,0.284392
22.2,0.285003
22.25,0.285627
22.3,0.286263
22.35,0.286913
22.4,0.287577
22.45,0.288256
22.5,0.288949
22.55,0.289658
22.6,0.290384
22.65,0.291126
22.7,0.291887
22.75,0.292665
22.8,0.293463
22.85,0.294281
22.9,0.29512
22.95,0.295981
23,0.296865
23.05,0.297773
23.1,0.298706
23.15,0.299666
23.2,0.300654
23.25,0.301671
23.3,0.30272
23.35,0.303801
23.4,0.304916
23.45,0.306069
23.5,0.30726
23.55,0.308492
23.6,0.309768
23.65,0.311091
23.7,0.312464
23.75,0.31389
23.8,0.315373
23.85,0.316918
23.9,0.318528
23.95,0.32021
24,0.321968
24.05,0.323811
24.1,0.325744
24.15,0.327776
24.2,0.329917
24.25,0.332178
24.3,0.334571
24.35,0.337111
24.4,0.339814
24.45,0.342701
24.5,0.345794
24.55,0.349122
24.6,0.352718
24.65,0.356624
24.7,0.360891
24.75,0.365583
24.8,0.370781
24.85,0.376592
24.9,0.383156
24.95,0.390667
25,0.399396
